Electronics / Technology users,Electronics / Technology spends,Accessories users,Accessories spends,Pets users,Pets spends,Gifts users,Gifts spends,Lunch / Light Meal users,Lunch / Light Meal spends,Sports users,Sports spends,Cafes users,Cafes spends,Supermarkets users,Supermarkets spends,Pubs / Bars users,Pubs / Bars spends,Specialty Foods users,Specialty Foods spends,Books users,Books spends,Health and fitness users,Health and fitness spends,TV/Film users,TV/Film spends,Apparel users,Apparel spends,Dining users,Dining spends,Children users,Children spends,Hardware users,Hardware spends,Coffee Beans and Teas users,Coffee Beans and Teas spends,Gaming users,Gaming spends,Alcohol users,Alcohol spends,Club Lloyds Target users,Club Lloyds Target monthly recieves
27641,2776.0,94580,757.0,14426,789.0,83998,305.0,1615,1921.02,92091,2113.0,84946,2419.4,26846,7256.67,2331,8862.36,35403,3556.76,24815,1284.0,100086,240.0,8295,530.88,85270,5160.0,31962,2746.5299999999997,39596,2873.0,63924,1154.0,52247,490.45,34568,1187.0,33092,437.93,62396,42610.995833333334
19131,2746.0,42587,728.0,97094,703.0,49602,300.0,84302,1828.73,69547,2092.0,76581,2415.95,91186,7041.0,20251,8250.31,95241,3442.19,68529,1205.0,100224,240.0,75897,517.88,67539,5046.0,38494,2641.25,19758,2808.0,18351,1124.0,63446,476.8,95185,1125.0,45432,433.93,67945,40270.10833333333
3580,2707.0,76607,711.0,9381,692.0,74361,300.0,51233,1820.91,85917,2034.0,29460,2391.95,36877,7000.48,74448,8172.43,69959,3405.17,6010,1201.0,100658,240.0,29418,500.88,45079,5042.0,5740,2619.8,38120,2766.0,4759,1119.0,38086,451.37,88957,1061.0,38966,429.93,68986,39703.40416666667
91835,2630.0,90311,701.0,86624,689.0,83068,280.0,37688,1820.29,85568,1967.0,40532,2382.9,36073,6956.17,9399,7808.72,85144,3376.48,76930,1187.0,100751,240.0,32858,494.88,45712,4993.0,61463,2588.37,4148,2723.0,49137,1039.0,83127,429.08,20029,1049.0,73744,420.91999999999996,32858,36529.708333333336
58008,2507.0,56543,685.0,15471,684.0,21066,273.0,97898,1803.98,28476,1877.0,41688,2381.1,61869,6926.96,81493,7766.07,29448,3335.43,45549,1184.0,100818,240.0,40921,486.88,5556,4950.0,76584,2566.52,16216,2675.0,85948,1039.0,37200,421.37,14894,984.0,5876,412.91,13904,36198.74166666667
97507,2471.0,34189,671.0,44472,684.0,46519,270.0,93530,1792.0,13344,1870.0,35504,2376.9,27678,6904.04,17016,7676.0,50031,3332.43,94879,1184.0,100866,240.0,46413,486.88,37988,4926.0,57079,2563.06,48950,2649.0,43594,1026.0,55565,416.82,61744,983.0,53000,397.90999999999997,32112,36098.629166666666
91890,2427.0,46319,670.0,67252,683.0,78988,270.0,49855,1770.93,4386,1868.0,55548,2371.2,1908,6883.01,67371,7614.23,62501,3322.33,5706,1162.0,100931,240.0,89525,483.88,68134,4889.0,88017,2540.63,9518,2649.0,49617,1025.0,28474,415.46999999999997,85508,969.0,25615,395.92999999999995,8381,35362.76
86256,2360.0,79674,653.0,76648,668.0,39543,260.0,61024,1767.81,16464,1841.0,98305,2371.0,26232,6876.58,94835,7604.71,56704,3309.55,49267,1155.0,100986,240.0,22482,478.88,64251,4822.0,77974,2540.03,70037,2637.0,21573,1008.0,58144,408.17,85294,962.0,62371,382.90999999999997,76635,34590.166666666664
72121,2351.0,78603,646.0,35427,659.0,4686,255.0,13375,1765.2,59828,1824.0,98560,2359.35,23162,6860.33,9869,7518.35,2069,3297.21,98305,1142.0,10581,240.0,88698,471.88,37764,4813.0,19936,2523.51,19878,2631.0,65128,977.0,25756,405.0,77230,960.0,97236,379.90999999999997,59553,34319.97083333333
97832,2285.0,38188,645.0,6829,653.0,17443,250.0,79891,1764.48,90903,1817.0,10145,2352.25,77243,6836.28,25997,7491.9,17004,3267.48,23978,1139.0,10709,240.0,23076,469.88,100105,4739.0,65044,2518.02,36923,2608.0,35189,969.0,29600,402.73,33486,957.0,72646,368.95,39017,34180.75
53494,2277.0,98099,611.0,30617,643.0,18219,245.0,7073,1764.44,53737,1810.0,66170,2351.65,86551,6821.76,95160,7478.17,99814,3258.37,24095,1139.0,1071,240.0,100233,468.88,35463,4710.0,87332,2512.05,96653,2607.0,53166,958.0,7853,394.99,46877,953.0,73146,364.91999999999996,31489,33360.42083333333
99326,2200.0,32186,598.0,52422,642.0,89625,245.0,84579,1761.86,73234,1810.0,47271,2351.55,28719,6796.19,97033,7411.41,100198,3252.68,63779,1138.0,10716,240.0,21532,466.88,32308,4705.0,18164,2505.5,79993,2571.0,51408,939.0,22044,391.83,68979,951.0,99339,363.94,51590,33059.0875
78482,2171.0,69549,591.0,13384,640.0,93870,245.0,1053,1756.37,19441,1794.0,62701,2345.45,71469,6792.74,87324,7355.0,59092,3251.29,3880,1134.0,10743,240.0,50531,462.88,92415,4687.0,50423,2503.7200000000003,74448,2556.0,78988,938.0,8882,376.82,9479,934.0,78915,362.91999999999996,50927,31834.604166666668
33833,2129.0,32521,590.0,64272,638.0,19325,240.0,56597,1755.76,30643,1793.0,24198,2341.75,5108,6787.25,62005,7301.33,45069,3225.73,19884,1119.0,10819,240.0,79121,462.88,48652,4686.0,2071,2503.27,4823,2547.0,27550,936.0,63918,374.55,8058,928.0,89599,358.90999999999997,32131,31654.585833333334
26003,2110.0,41513,589.0,25361,631.0,72765,240.0,36426,1754.44,93176,1787.0,44432,2333.3,70162,6772.45,8607,7286.25,65634,3223.01,11057,1113.0,10855,240.0,68022,461.88,35953,4681.0,88721,2493.53,81352,2542.0,3786,934.0,13069,373.19,46451,903.0,32768,357.92999999999995,23314,31573.211666666666
22629,2103.0,30655,588.0,92278,625.0,75547,240.0,79716,1749.01,82317,1786.0,85593,2331.85,59180,6770.65,37225,7261.27,32075,3213.87,7312,1113.0,11213,240.0,92205,461.88,13054,4675.0,43870,2480.83,97928,2530.0,30976,933.0,25212,371.37,75501,899.0,68152,356.93,68605,31211.25
62797,2103.0,50287,587.0,4861,615.0,13311,235.0,21353,1746.47,43215,1779.0,52682,2330.6,2666,6756.1900000000005,99057,7250.95,21532,3206.35,85179,1104.0,1125,240.0,93215,460.88,92998,4674.0,20089,2479.02,35239,2526.0,91172,916.0,85921,371.37,32387,879.0,58813,356.91999999999996,14467,31203.604166666668
4875,2101.0,84876,583.0,30473,612.0,1990,235.0,69698,1738.8899999999999,4518,1765.0,1703,2329.3,49499,6752.56,85492,7179.44,43141,3197.57,55634,1101.0,11252,240.0,20510,459.88,45800,4658.0,14913,2473.09,22873,2509.0,25930,914.0,20434,370.91,42497,879.0,46507,354.93,61751,30645.108333333334
20017,2098.0,20164,572.0,68833,610.0,89061,235.0,71493,1737.3,12095,1758.0,1631,2328.1,21016,6731.29,54155,7164.69,76456,3194.68,16464,1098.0,11379,240.0,87692,459.88,28251,4656.0,44898,2461.83,32737,2506.0,66183,914.0,88350,370.9,52150,872.0,47890,349.93999999999994,13375,30233.115
21568,2021.0,73077,571.0,78453,609.0,91520,235.0,62768,1733.8,67169,1753.0,83742,2325.9,57949,6721.44,20981,7128.2,91695,3193.14,34160,1098.0,11382,240.0,48275,458.88,48853,4655.0,62876,2459.63,50536,2503.0,22786,913.0,16469,370.0,67640,872.0,13311,349.93,95463,28328.875
43637,2018.0,46983,570.0,55787,604.0,50412,230.0,76758,1727.42,72995,1745.0,96360,2325.75,84553,6716.77,38552,7125.63,13072,3179.97,82648,1097.0,11475,240.0,4767,457.88,99887,4646.0,43036,2455.3,96177,2498.0,52561,909.0,7073,369.55,45620,868.0,93187,348.93999999999994,71008,27683.798333333336
96268,1979.0,99814,570.0,25990,600.0,52766,230.0,37618,1726.08,72283,1726.0,18865,2325.45,92498,6716.42,29403,7096.42,95149,3167.06,40356,1083.0,11729,240.0,52766,457.88,12424,4637.0,77669,2452.69,88076,2492.0,11662,905.0,100593,368.19,84119,864.0,63390,348.91999999999996,53668,27602.433333333334
18472,1971.0,22229,565.0,38020,598.0,72347,230.0,93952,1723.92,16141,1724.0,49205,2324.8,94374,6692.07,14877,7079.93,46895,3165.43,88385,1081.0,11765,240.0,77446,457.88,18827,4629.0,77410,2450.58,97829,2465.0,89305,897.0,74339,368.18,29926,863.0,24232,344.93,76456,26949.016666666666
31817,1953.0,95445,565.0,75771,598.0,77380,230.0,10145,1721.56,43163,1713.0,93530,2323.3,91245,6687.29,31002,7007.27,15250,3155.48,83164,1078.0,12095,240.0,72295,456.88,81912,4622.0,12144,2439.17,88555,2462.0,62440,884.0,31550,366.82,40243,858.0,28976,344.91999999999996,15471,26653.42916666667
56239,1951.0,79993,564.0,23839,596.0,87217,230.0,61215,1720.1,100866,1709.0,72758,2319.95,87098,6685.56,52536,6978.13,70290,3143.29,97573,1078.0,12154,240.0,8266,455.88,87528,4611.0,94666,2431.65,7014,2458.0,42196,881.0,40137,364.1,61389,858.0,2647,341.94,32790,26590.845833333336
69617,1951.0,90830,563.0,27585,596.0,88721,230.0,20823,1719.51,55024,1709.0,19370,2319.0,10371,6682.61,56542,6973.87,33491,3142.85,79769,1074.0,12164,240.0,11907,454.88,75448,4603.0,68161,2422.42,59864,2443.0,53066,880.0,37978,362.74,19878,857.0,23086,338.95,73521,26409.787500000002
82816,1935.0,90903,557.0,36570,596.0,16019,225.0,37009,1715.71,7979,1701.0,51590,2318.8,43977,6678.31,23727,6972.52,93528,3131.33,8024,1072.0,12229,240.0,41505,454.88,30605,4591.0,95009,2419.8,8294,2443.0,60330,878.0,16918,360.91,19015,855.0,47286,338.94,31155,25689.166666666668
48124,1930.0,90756,554.0,15633,593.0,25192,225.0,78062,1714.31,48732,1699.0,4697,2317.95,97419,6669.2300000000005,80414,6954.01,92614,3130.21,5283,1067.0,12316,240.0,73608,454.88,84535,4588.0,4428,2414.71,61320,2442.0,41093,876.0,15350,360.89,100224,854.0,54200,337.94,17769,25521.7375
85545,1927.0,55303,551.0,28750,593.0,35375,225.0,50635,1713.07,100931,1690.0,92351,2317.4,84803,6659.85,62021,6952.35,61219,3129.0,16056,1063.0,1234,240.0,89830,454.88,9660,4588.0,52316,2409.38,59539,2436.0,39239,874.0,8718,358.64,28316,853.0,8947,337.91999999999996,1799,24951.208333333332
25631,1860.0,49855,545.0,5852,590.0,64774,225.0,87615,1706.58,23981,1690.0,11628,2314.25,88314,6658.73,58697,6920.02,53678,3121.89,19785,1061.0,12435,240.0,3675,453.88,71859,4584.0,78886,2398.55,33298,2435.0,83067,872.0,30302,358.63,66315,853.0,35386,336.92,61041,24239.065000000002
73562,1850.0,70337,545.0,55561,587.0,14154,220.0,11729,1704.54,97955,1682.0,27575,2314.1,76930,6658.26,69941,6910.19,11057,3117.57,60871,1060.0,12695,240.0,38906,453.88,73478,4584.0,93683,2397.38,19810,2434.0,59712,871.0,29491,353.17,35190,852.0,22425,333.95,46724,24148.63333333333
72167,1849.0,15538,539.0,67203,580.0,89594,220.0,2795,1699.41,71647,1676.0,77214,2312.3,70163,6643.03,3017,6899.77,98303,3116.47,62524,1059.0,12782,240.0,63665,453.88,14458,4559.0,82651,2396.13,42040,2434.0,94908,868.0,37633,351.82,50990,852.0,49022,333.92999999999995,25652,24004.583333333332
13611,1846.0,82665,538.0,24663,579.0,27296,215.0,62998,1697.95,40321,1664.0,76946,2312.2,25162,6639.62,93372,6886.6,89061,3116.0,65897,1058.0,13072,240.0,74119,453.88,47309,4545.0,2152,2386.99,87302,2432.0,77514,867.0,24849,351.36,72758,852.0,3512,329.95,96653,23481.0625
69639,1845.0,94925,536.0,39780,578.0,46545,215.0,90681,1689.91,59835,1658.0,59847,2311.1,87005,6636.8099999999995,33086,6882.39,15274,3112.47,38962,1057.0,13344,240.0,74869,453.88,18595,4542.0,31243,2385.53,14270,2427.0,25032,862.0,79091,350.92,26262,849.0,74694,329.94,92892,22474.0625
84550,1828.0,10130,532.0,46540,578.0,49136,215.0,71201,1685.59,82199,1653.0,18860,2308.7,90533,6636.59,34689,6864.39,96273,3108.73,42725,1057.0,13613,240.0,30269,452.88,82058,4537.0,74169,2382.23,12387,2425.0,60674,861.0,93665,349.99,44497,849.0,89619,329.91999999999996,76824,22425.36666666667
1793,1824.0,80252,529.0,68163,577.0,76758,215.0,30949,1685.23,19841,1648.0,81963,2306.8,28442,6632.62,59905,6848.98,20965,3105.47,7020,1057.0,13690,240.0,97337,452.88,10134,4523.0,54740,2381.27,26447,2425.0,28676,860.0,18061,347.71,59925,849.0,60668,325.93,16213,22121.662500000002
49331,1821.0,25450,528.0,87006,575.0,81637,215.0,13069,1683.14,12154,1647.0,33899,2306.45,86199,6630.88,79196,6792.66,55042,3094.02,23000,1056.0,13865,240.0,32997,451.88,8267,4515.0,53605,2380.2400000000002,10180,2424.0,29051,858.0,44068,347.27,100385,846.0,20076,324.93,71104,20896.666666666668
89487,1804.0,38745,528.0,99283,573.0,86448,215.0,38419,1682.9,70827,1643.0,35148,2305.75,44938,6624.22,59873,6769.75,70154,3092.7200000000003,9820,1056.0,14073,240.0,90550,451.88,41590,4512.0,9381,2375.28,39483,2421.0,91625,858.0,23151,345.46,3458,846.0,69780,318.91999999999996,48935,20126.971666666668
2538,1803.0,35840,527.0,99735,570.0,1000,210.0,99539,1681.96,68855,1639.0,38966,2305.2,94609,6617.11,99365,6744.16,98119,3078.56,38289,1054.0,14124,240.0,91641,451.88,67795,4502.0,61158,2374.7,94368,2419.0,96905,846.0,100621,344.99,5285,841.0,16056,317.94,9499,19849.879166666666
52295,1802.0,15347,525.0,48924,569.0,24198,210.0,6508,1681.65,95032,1636.0,15911,2303.4,9499,6616.94,27145,6728.39,25513,3072.71,55069,1054.0,14243,240.0,18153,450.88,45454,4500.0,25756,2372.66,17938,2418.0,98847,846.0,79531,343.63,100931,839.0,48334,317.94,40644,19824.416666666668
49536,1793.0,35011,523.0,55446,569.0,78049,210.0,40106,1681.58,16401,1629.0,59255,2303.2,11420,6615.24,62842,6711.96,26814,3068.34,96218,1054.0,14270,240.0,21000,450.88,70146,4494.0,32808,2371.23,74341,2403.0,53441,844.0,77369,343.17,23685,839.0,60262,316.94,86008,19083.708333333332
18219,1791.0,91522,521.0,44898,568.0,88281,210.0,76946,1679.47,9381,1629.0,94666,2302.15,79147,6613.66,59544,6709.28,12202,3066.0099999999998,47578,1050.0,14277,240.0,19952,449.88,18430,4491.0,67119,2368.98,81375,2401.0,24035,840.0,55868,342.72,55586,839.0,64528,316.94,99288,18432.600000000002
39298,1781.0,75338,518.0,16249,563.0,89967,210.0,31803,1679.13,18472,1621.0,71760,2301.1,60554,6612.44,46727,6692.49,1006,3063.69,74619,1047.0,14360,240.0,29030,448.88,45149,4491.0,95504,2360.62,59943,2399.0,30050,840.0,1990,342.28999999999996,27522,835.0,81309,313.94,90409,18113.958333333332
58269,1780.0,8236,515.0,91520,563.0,95988,210.0,93522,1678.68,26244,1617.0,40538,2300.8,96360,6611.3,63615,6675.46,84779,3062.52,28085,1045.0,14388,240.0,39543,448.88,91268,4469.0,51811,2357.76,98634,2396.0,5620,835.0,95957,341.81,96593,835.0,61767,313.92,88664,17728.458333333332
27295,1774.0,79779,513.0,16902,562.0,1179,208.0,4555,1677.17,52481,1606.0,65063,2300.45,96722,6604.86,22506,6666.2,90601,3056.61,2895,1040.0,14930,240.0,6048,448.88,65786,4465.0,63250,2357.76,58933,2390.0,18528,832.0,48693,341.37,21563,832.0,79079,311.93999999999994,37707,17183.345833333333
1718,1767.0,11460,511.0,4710,558.0,12913,205.0,61041,1672.03,4958,1604.0,65978,2297.7,10314,6601.85,40636,6546.67,19608,3051.09,51091,1037.0,15135,240.0,73878,448.88,16016,4464.0,54126,2350.81,16016,2388.0,72066,832.0,11054,339.55,26937,832.0,8377,310.91999999999996,31789,16979.295833333334
72945,1737.0,87768,510.0,99812,556.0,1304,205.0,17707,1671.47,65643,1600.0,53615,2296.25,96184,6593.2,76588,6539.29,85593,3049.35,45924,1034.0,15471,240.0,9474,448.88,54218,4460.0,20841,2346.17,42102,2386.0,41467,827.0,22253,339.55,25115,830.0,39803,309.95,58898,16666.625
8097,1737.0,42313,509.0,27082,555.0,42371,205.0,65081,1670.38,47426,1594.0,23234,2295.8,38315,6587.5,92920,6460.91,67827,3049.28,62106,1027.0,15911,240.0,29918,447.88,50582,4457.0,99152,2343.04,58170,2385.0,91788,827.0,27552,339.55,63779,829.0,92210,304.94,25866,16477.166666666668
42309,1726.0,7979,507.0,51798,554.0,61320,205.0,93692,1668.98,88203,1593.0,32521,2294.1,71416,6582.16,89517,6380.88,4905,3045.79,18836,1022.0,16004,240.0,69488,447.88,86624,4453.0,12229,2342.07,84876,2384.0,25168,826.0,6339,339.09000000000003,4107,827.0,24753,304.93,58428,16456.656666666666
55061,1723.0,88281,504.0,95241,552.0,67559,205.0,72745,1667.2,54559,1592.0,33121,2294.05,68493,6575.18,34414,6339.11,95511,3044.7599999999998,6360,1018.0,16006,240.0,76786,447.88,78430,4444.0,66949,2339.4,15265,2383.0,57964,824.0,94130,338.65,84262,827.0,68061,304.93,9600,15347.754166666666
96905,1713.0,95497,504.0,31659,550.0,68207,205.0,75897,1666.51,76946,1577.0,98245,2293.3,63865,6574.03,56983,6332.93,66183,3043.91,21015,1017.0,16070,240.0,79132,447.88,18116,4432.0,90756,2339.35,24237,2383.0,4695,823.0,94835,338.63,53703,826.0,18520,304.92,25115,14439.991666666667
96360,1701.0,27655,502.0,4081,550.0,7690,205.0,42085,1665.05,37177,1565.0,33633,2292.05,86558,6566.19,96560,6279.37,31949,3042.5,85764,1017.0,16141,240.0,4416,446.88,50919,4428.0,92778,2332.86,4142,2383.0,12563,820.0,11755,338.19,58400,821.0,49659,302.95,4861,14295.958333333334
32754,1693.0,30352,500.0,73708,550.0,80792,205.0,74700,1662.28,71740,1563.0,16993,2292.0,74130,6563.34,24033,6257.35,59298,3041.89,12649,1016.0,16155,240.0,67475,446.88,96514,4425.0,72966,2328.4,7018,2383.0,43485,818.0,27355,337.73,23019,818.0,84840,302.90999999999997,31056,14113.783333333333
85642,1684.0,66605,500.0,12649,548.0,98363,205.0,20791,1660.96,9508,1559.0,44069,2292.0,92768,6562.47,62998,6237.73,94547,3038.52,30976,1014.0,16213,240.0,76710,446.88,68883,4424.0,42056,2327.73,25543,2376.0,47976,818.0,98245,337.28,97768,816.0,74676,300.94,52924,13955.591666666667
97517,1680.0,78380,500.0,15711,548.0,18909,200.0,25046,1660.93,22275,1558.0,64581,2288.25,38226,6562.07,95936,6216.23,2030,3037.77,6874,1012.0,16216,240.0,77380,446.88,25162,4423.0,38372,2327.57,96514,2372.0,70302,818.0,43424,337.26,4819,814.0,68836,299.95,79550,13509.123333333335
1835,1677.0,35317,499.0,11628,547.0,28690,200.0,7810,1658.53,56707,1558.0,18882,2287.4,19245,6556.4,62970,6205.96,8331,3037.31,94152,1012.0,1623,240.0,8232,446.88,25330,4419.0,13054,2324.09,40644,2370.0,86933,818.0,16016,335.91999999999996,60695,814.0,19641,299.94,45745,13085.816666666666
57645,1667.0,17647,497.0,34239,546.0,29164,200.0,42193,1658.27,57079,1557.0,10485,2285.1,70643,6553.47,5304,6174.11,4265,3035.71,9687,1012.0,16334,240.0,85642,446.88,54294,4407.0,33732,2319.62,79273,2362.0,13536,817.0,90650,333.18,99726,814.0,50172,298.95,31299,12849.559166666666
67135,1665.0,27300,497.0,45909,545.0,29264,200.0,21164,1656.43,59370,1557.0,59151,2285.05,18105,6547.86,50423,6117.0,86899,3029.95,39388,1009.0,16401,240.0,98574,446.88,39252,4399.0,23740,2313.68,59544,2359.0,50741,812.0,7389,331.82,44394,812.0,59873,298.94,77071,12817.574999999999
100493,1654.0,45140,497.0,20911,544.0,45219,200.0,83935,1654.39,93871,1556.0,82224,2283.2,2663,6542.610000000001,11448,6109.69,64241,3027.04,96342,1007.0,16464,240.0,11494,445.88,14634,4386.0,21928,2311.23,75049,2358.0,57078,809.0,28085,331.36,64354,812.0,41304,297.93,22520,12563.1625
36402,1647.0,24254,493.0,49505,543.0,66605,200.0,56132,1652.87,49308,1555.0,96804,2283.1,71132,6536.2,17761,6020.69,92346,3022.2,31469,1003.0,16615,240.0,49149,445.88,73395,4385.0,33991,2311.23,52864,2357.0,7680,808.0,30655,331.35,68978,811.0,88879,297.93,75049,12508.511666666667
80711,1643.0,47006,490.0,20847,542.0,76906,200.0,55206,1652.0,91996,1555.0,55868,2282.85,42040,6532.12,81826,6016.27,54322,3021.91,79951,1003.0,16715,240.0,89957,445.88,94186,4385.0,66196,2302.27,72758,2357.0,89833,806.0,98626,330.91,79591,810.0,52078,296.94,86195,12486.041666666666
80606,1640.0,65310,490.0,59847,539.0,85883,200.0,52235,1651.9,98066,1554.0,41088,2282.05,8518,6530.73,69523,5943.69,66566,3021.8,29242,1001.0,1689,240.0,47961,444.88,70476,4383.0,97747,2292.45,75661,2357.0,91294,806.0,72919,330.89,78223,809.0,12831,294.96,99351,11488.195833333333
100483,1634.0,69744,489.0,62099,539.0,89982,200.0,38982,1651.64,34721,1553.0,5319,2281.65,88151,6525.93,37205,5891.01,91069,3020.77,77584,1001.0,17195,240.0,81237,444.88,9022,4380.0,39483,2283.66,29918,2349.0,35487,805.0,74909,329.55,46895,807.0,11105,294.93,33124,10495.716666666667
83178,1633.0,52239,487.0,97632,539.0,92631,200.0,76933,1651.14,54128,1550.0,46896,2281.3,65036,6518.4,49267,5884.85,99812,3017.01,54289,992.0,17379,240.0,1309,443.88,78067,4378.0,10641,2283.26,62659,2344.0,50287,802.0,74027,328.65999999999997,55567,806.0,11765,294.93,30430,10108.123333333333
46548,1622.0,54487,487.0,39511,538.0,97131,200.0,19322,1650.49,46986,1549.0,6616,2281.2,12197,6514.12,17398,5881.75,18168,3014.08,65914,989.0,17670,240.0,5615,443.88,43089,4377.0,39192,2282.19,37507,2339.0,1186,797.0,38790,328.64,2881,804.0,4875,294.93,74621,10071.916666666666
17947,1618.0,19370,484.0,5494,538.0,19245,195.0,100198,1650.32,33557,1547.0,17398,2279.8,47607,6513.41,72132,5878.12,17151,3013.88,93492,989.0,17730,240.0,100931,442.88,21174,4374.0,87765,2281.4,40246,2337.0,70873,797.0,25219,328.63,4708,803.0,66350,294.93,27940,8465.166666666666
44506,1617.0,31469,483.0,73142,538.0,60960,195.0,51989,1649.33,59131,1547.0,60345,2278.4,38476,6513.37,77369,5814.11,8741,3011.58,22607,987.0,17765,240.0,67626,442.88,93971,4364.0,46538,2275.31,85921,2337.0,78482,795.0,63967,327.74,51547,801.0,24698,293.95,48481,8462.166666666666
8381,1604.0,19369,482.0,11680,534.0,74922,195.0,27899,1648.61,73141,1547.0,95633,2277.5,56636,6510.0199999999995,31949,5804.65,52295,2998.12,21727,986.0,17813,240.0,92945,442.88,63812,4363.0,45917,2274.29,87867,2333.0,99851,793.0,90269,325.91999999999996,74092,801.0,61584,293.93,4623,8431.050000000001
60888,1599.0,71467,480.0,25646,534.0,84579,195.0,3970,1648.03,84192,1539.0,58665,2277.25,37519,6508.69,46519,5800.06,33714,2996.91,72198,985.0,17844,240.0,59376,441.88,18328,4359.0,38651,2273.89,71817,2329.0,26813,790.0,20911,325.90999999999997,22824,800.0,66294,291.96,11057,7226.304166666666
10004,1594.0,72272,480.0,55170,533.0,88076,195.0,84905,1646.9,11382,1538.0,17946,2275.25,64191,6505.65,45821,5777.59,81956,2995.86,99952,985.0,17884,240.0,15347,440.88,50630,4355.0,76856,2272.46,85948,2326.0,98762,785.0,34134,325.90999999999997,17730,799.0,92488,291.95,66006,6920.208333333333
48349,1591.0,94497,480.0,7984,532.0,91403,195.0,28887,1646.89,22917,1537.0,95754,2275.15,71282,6502.61,14577,5776.4,23145,2991.88,59511,984.0,1799,240.0,6107,440.88,18538,4350.0,66335,2272.24,31018,2325.0,31291,784.0,88494,325.9,2795,799.0,29439,291.94,59374,6507.946666666667
90304,1582.0,63143,479.0,48807,531.0,11347,190.0,88203,1645.3,74841,1534.0,9916,2274.75,63471,6501.77,63170,5729.32,92278,2983.95,33899,983.0,18365,240.0,35159,439.88,63654,4347.0,59654,2266.52,47354,2325.0,1507,783.0,35457,324.55,62243,799.0,62338,291.91999999999996,19907,5644.912499999999
16834,1576.0,66006,479.0,88155,531.0,29340,190.0,87668,1644.74,49617,1532.0,41067,2274.4,90831,6497.81,42371,5722.34,8472,2983.2400000000002,62116,983.0,18399,240.0,68445,439.88,99998,4341.0,4871,2265.73,71651,2320.0,62005,779.0,5679,324.55,68650,799.0,36732,289.95,8815,5249.604166666667
69228,1566.0,74349,479.0,36150,530.0,33633,190.0,40598,1643.8799999999999,62401,1529.0,44159,2274.0,59887,6488.67,17750,5716.97,86926,2980.71,62387,983.0,18472,240.0,18199,438.88,58881,4338.0,68105,2265.13,1736,2317.0,72662,777.0,14202,323.64,15171,798.0,100818,288.94,21066,4578.983333333334
24848,1565.0,97831,476.0,66335,530.0,3939,190.0,56087,1641.94,34107,1527.0,30050,2273.8,92692,6477.97,64207,5714.8,80438,2976.37,88873,982.0,18520,240.0,19785,438.88,14326,4336.0,44269,2262.45,29869,2316.0,76086,777.0,89184,323.19,20594,798.0,11619,288.94,2211,3899.4083333333333
46319,1563.0,63705,475.0,1000,529.0,4905,190.0,46351,1641.28,39577,1524.0,10581,2273.45,40532,6476.28,16902,5659.8,76974,2975.36,84283,981.0,18827,240.0,46853,438.88,92463,4335.0,69228,2261.63,55196,2309.0,78000,777.0,9756,322.73,33744,797.0,37200,288.94,58354,2954.375
85593,1562.0,98861,473.0,43814,529.0,52735,190.0,28234,1639.6200000000001,93375,1524.0,79863,2273.25,57400,6472.99,25505,5659.56,12378,2972.47,10454,980.0,18852,240.0,86965,438.88,12781,4333.0,25859,2260.82,43379,2308.0,78671,777.0,12913,322.28,8880,796.0,55475,288.94,14460,2824.299166666667
23782,1561.0,84316,472.0,39383,528.0,5338,190.0,50152,1638.88,13072,1520.0,13252,2272.4,32767,6472.15,23296,5650.5,97106,2972.18,41518,979.0,19131,240.0,100593,437.88,10866,4332.0,27550,2256.33,34734,2306.0,88494,777.0,4177,322.27,50536,795.0,61497,288.94,27046,2222.2383333333332
67983,1555.0,100800,471.0,98708,528.0,56074,190.0,71000,1637.63,50181,1518.0,42323,2272.0,82362,6469.18,35190,5644.2,77527,2969.88,76313,979.0,19143,240.0,51695,437.88,97460,4328.0,91186,2255.09,65133,2303.0,25696,772.0,87018,322.27,87545,793.0,85411,288.94,58200,2216.5091666666667
79304,1552.0,27990,471.0,66611,527.0,57317,190.0,26805,1636.69,17730,1506.0,9724,2271.0,98031,6466.41,7389,5640.9,81302,2968.86,79999,978.0,19183,240.0,79174,437.88,24254,4324.0,19489,2253.27,97503,2303.0,87080,772.0,86572,322.25,1299,792.0,88761,287.96,76022,2162.4883333333332
65883,1545.0,74134,471.0,33562,525.0,57569,190.0,55705,1635.91,68482,1503.0,88298,2270.85,73858,6465.25,84708,5634.21,59828,2968.17,90877,978.0,19195,240.0,100301,436.88,11167,4320.0,95108,2251.63,19608,2301.0,42922,771.0,56748,321.37,41469,792.0,98751,287.96,15938,2114.2000000000003
95882,1540.0,82707,471.0,84454,525.0,63862,190.0,18865,1635.89,83195,1499.0,17089,2270.3,8633,6463.46,15265,5616.7,93178,2966.27,38302,977.0,19268,240.0,19927,436.88,35386,4316.0,53335,2250.6,56132,2301.0,47515,770.0,60402,321.37,63705,791.0,43432,287.94,54154,2101.226666666667
83210,1522.0,37074,470.0,38289,521.0,66965,190.0,21949,1635.17,53457,1494.0,56337,2270.1,66220,6456.9800000000005,72646,5607.1,9189,2963.77,29270,976.0,19305,240.0,4463,436.88,78049,4315.0,87271,2247.92,47070,2299.0,40959,768.0,48028,319.08000000000004,41986,790.0,49222,287.90999999999997,44378,2089.5041666666666
42134,1515.0,70729,468.0,76098,520.0,92977,190.0,15274,1634.78,88706,1494.0,35166,2269.5,11183,6455.36,68986,5606.71,57645,2962.49,98693,975.0,19441,240.0,57103,436.88,93608,4315.0,32221,2246.92,35855,2298.0,56384,767.0,72946,318.65,15468,789.0,46060,286.96,5740,2089.3849999999998
73944,1515.0,17034,467.0,81963,519.0,94054,187.0,1133,1632.8,99092,1492.0,63574,2269.0,37707,6450.28,54877,5584.32,60888,2959.24,74876,974.0,19489,240.0,65342,436.88,37074,4309.0,22044,2246.32,88987,2296.0,3291,766.0,71837,318.64,48401,789.0,21802,286.95,75665,2088.4683333333332
34123,1514.0,79546,466.0,28744,518.0,16249,185.0,41088,1632.23,52200,1491.0,52864,2268.85,83462,6450.02,59317,5578.47,98556,2958.89,79497,974.0,19589,240.0,73068,436.88,87271,4303.0,79893,2243.67,26937,2291.0,37739,766.0,96671,318.64,81946,787.0,5357,286.95,24689,2087.2483333333334
54731,1514.0,41434,463.0,39321,518.0,19810,185.0,68605,1631.79,7337,1482.0,20100,2268.6,49386,6447.67,84702,5532.22,66244,2955.92,66635,972.0,19841,240.0,95543,436.88,20486,4302.0,5499,2243.48,66973,2291.0,47309,763.0,78974,318.63,83325,787.0,18690,286.92999999999995,11314,2085.2616666666668
10314,1509.0,79889,463.0,55134,518.0,36379,185.0,89061,1631.73,30885,1481.0,5569,2268.45,52012,6447.37,28744,5516.69,97714,2953.06,23181,971.0,19950,240.0,14097,435.88,4558,4301.0,39518,2239.39,96474,2289.0,98761,763.0,20148,317.74,14724,785.0,53511,285.92,98245,2083.2833333333333
24110,1507.0,23714,462.0,57433,516.0,66515,185.0,80211,1631.45,3939,1478.0,98783,2268.15,72818,6443.13,93025,5499.26,76328,2952.98,38136,969.0,20017,240.0,18142,435.88,57622,4301.0,87372,2237.94,56337,2287.0,13344,761.0,52798,317.73,66859,784.0,53532,284.94,84302,2083.0099999999998
23824,1504.0,92715,460.0,97507,514.0,6842,185.0,18634,1630.24,86294,1478.0,90958,2267.6,51973,6439.93,92488,5498.73,86965,2950.54,40137,969.0,20434,240.0,29974,435.88,68230,4301.0,95970,2236.34,61767,2287.0,54451,760.0,65128,317.71999999999997,16291,782.0,1086,283.95,91172,2080.204166666667
5319,1504.0,97923,460.0,12190,513.0,68716,185.0,57098,1630.24,28673,1474.0,63909,2267.25,44724,6437.65,50289,5492.77,44910,2949.06,19993,968.0,20514,240.0,50329,435.88,86256,4301.0,12818,2234.69,23782,2286.0,42992,759.0,65293,317.27,22314,782.0,90931,283.93999999999994,29340,2080.0941666666668
1623,1500.0,21075,459.0,24398,513.0,6924,185.0,55868,1630.21,60888,1461.0,25630,2267.1,68137,6430.84,28656,5466.46,57668,2947.38,69769,968.0,20639,240.0,12179,434.88,14850,4291.0,8097,2233.07,95633,2281.0,52571,759.0,72646,317.27,6016,781.0,15911,283.92,64272,2072.019166666667
97640,1495.0,65526,459.0,59835,513.0,84946,185.0,87302,1629.99,35110,1457.0,16918,2265.9,70164,6422.4,88350,5465.31,60912,2946.9,23265,967.0,2069,240.0,34897,434.88,4309,4279.0,96162,2232.48,66436,2279.0,12048,757.0,33015,316.83,4759,780.0,34721,283.92,42951,2069.7374999999997
86272,1489.0,12652,458.0,27618,512.0,88017,185.0,80963,1629.39,35013,1455.0,12733,2265.35,73077,6418.67,47976,5456.27,48522,2943.91,67160,967.0,20729,240.0,41545,434.88,45821,4279.0,52943,2232.05,90745,2274.0,43858,757.0,15315,316.81,86072,780.0,100931,279.95,17259,2069.17
79951,1488.0,22026,458.0,68883,511.0,95418,185.0,52269,1627.11,63380,1455.0,11314,2265.05,26475,6417.82,12738,5453.65,6616,2941.75,90783,966.0,20756,240.0,47502,434.88,19928,4278.0,88761,2225.51,21321,2271.0,14867,755.0,7170,316.37,57609,779.0,6536,279.95,91819,2059.2083333333335
12435,1487.0,82399,457.0,9480,511.0,99447,185.0,79993,1626.28,37832,1453.0,98646,2264.55,84070,6416.8,23714,5428.15,79162,2939.74,95862,966.0,20841,240.0,4759,434.88,37425,4277.0,51514,2221.02,84316,2271.0,80654,755.0,55314,316.36,26890,778.0,99057,279.95,42463,2057.1875
43470,1469.0,1931,455.0,8109,510.0,99895,185.0,57161,1625.98,48823,1453.0,42951,2264.4,2100,6416.41,66944,5426.76,89967,2938.6,71928,963.0,20952,240.0,18987,433.88,19093,4271.0,25307,2220.61,3458,2268.0,81402,755.0,29813,315.91,46642,778.0,100573,279.94,82829,2050.1458333333335
58701,1469.0,59155,455.0,18604,508.0,15083,180.0,10156,1625.86,11379,1452.0,85270,2263.85,5679,6416.4,96883,5417.65,26242,2938.38,19206,961.0,21006,240.0,2817,433.88,37671,4271.0,65581,2220.44,30050,2267.0,25551,753.0,77458,315.46,80869,776.0,80065,279.94,99051,2049.5041666666666
98889,1463.0,73281,455.0,48254,507.0,20981,180.0,98646,1625.65,14930,1448.0,100690,2263.35,41495,6415.96,32541,5406.15,13054,2938.23,30311,961.0,21025,240.0,52422,433.88,49901,4270.0,15952,2220.42,35646,2265.0,24733,752.0,52808,315.45,40160,774.0,50329,279.91999999999996,87263,2039.2541666666666
97754,1461.0,13243,454.0,96852,507.0,22950,180.0,21006,1624.11,48579,1448.0,43369,2263.35,73017,6403.5599999999995,93588,5405.19,58398,2937.44,84959,961.0,2108,240.0,74446,433.88,49699,4267.0,99689,2220.01,58890,2265.0,57425,752.0,63779,314.55,88594,774.0,79669,278.96,97671,2036.3333333333333
17151,1456.0,60075,454.0,98519,507.0,38240,180.0,3896,1622.79,21025,1447.0,74700,2263.3,38820,6401.38,95988,5398.45,97374,2936.11,11347,960.0,21222,240.0,21718,432.88,63507,4265.0,53043,2218.57,21164,2264.0,84242,752.0,35504,313.64,93588,774.0,9480,277.94,74265,2035.8791666666666
74632,1443.0,75857,454.0,11056,506.0,4009,180.0,45106,1622.52,22749,1446.0,35190,2263.15,28656,6399.96,74676,5396.29,66699,2934.68,68870,959.0,2126,240.0,29546,432.88,39527,4258.0,34797,2217.14,75250,2261.0,66350,750.0,75761,313.64,78422,772.0,47296,277.93,84169,2032.1416666666667
19641,1440.0,49850,452.0,20186,504.0,51703,180.0,37707,1622.45,72473,1446.0,16210,2261.8,1572,6394.95,40679,5394.81,33768,2933.33,74550,958.0,21507,240.0,59183,432.88,2387,4252.0,7534,2216.98,11570,2260.0,75588,747.0,37524,312.73,13808,771.0,22021,276.95,75396,2030.7791666666665
55657,1435.0,62598,452.0,58427,504.0,60373,180.0,63862,1621.41,18827,1445.0,24698,2260.55,79656,6387.97,63060,5390.34,52561,2932.56,41889,957.0,21575,240.0,82802,432.88,21164,4251.0,4623,2216.32,98099,2260.0,41830,746.0,63924,312.73,47798,771.0,54900,276.95,26127,2028.5833333333333
73474,1435.0,31749,449.0,91748,504.0,63501,180.0,31834,1620.83,38199,1441.0,85701,2259.25,37152,6387.02,75823,5389.5,69512,2931.82,47665,957.0,21583,240.0,86933,432.88,37094,4251.0,39190,2216.13,12424,2259.0,50874,743.0,96838,312.28,19322,770.0,69788,275.95,1214,2024.7041666666667
3317,1434.0,76933,449.0,20791,503.0,72646,180.0,66006,1620.69,54818,1439.0,90505,2258.5,32197,6386.29,12316,5389.33,41718,2930.12,63284,954.0,21603,240.0,25155,431.88,16588,4249.0,48258,2215.35,87865,2259.0,94333,743.0,40913,311.36,8194,770.0,11183,275.93,30208,2024.0583333333334
8507,1430.0,17383,448.0,30277,503.0,77476,180.0,17528,1620.63,80064,1439.0,98626,2258.45,24719,6383.74,16029,5375.84,85545,2929.45,9300,954.0,21822,240.0,62065,431.88,100608,4248.0,4465,2215.1,29403,2256.0,16546,740.0,85691,311.36,7369,767.0,87264,275.92,51288,2023.3833333333332
49861,1429.0,44898,448.0,48732,502.0,86399,180.0,9347,1620.39,82665,1439.0,48413,2258.1,91987,6383.12,29340,5374.96,50046,2926.55,42644,952.0,21987,240.0,62474,431.88,53693,4243.0,62580,2213.85,32798,2251.0,27006,740.0,1433,310.92,25756,766.0,52689,274.96,30096,2022.5583333333334
41205,1424.0,65080,447.0,12182,501.0,87725,180.0,16249,1620.28,84791,1439.0,85162,2257.0,55547,6380.12,17185,5373.92,83578,2926.15,94220,950.0,22035,240.0,93167,431.88,3704,4241.0,9333,2213.85,38707,2245.0,80336,740.0,38663,310.91,34414,766.0,77363,274.95,73487,2021.675
84687,1422.0,10442,445.0,87330,501.0,92091,180.0,8864,1619.87,68243,1433.0,26568,2256.5,33922,6379.41,18488,5368.92,22814,2925.23,66611,947.0,2214,240.0,50582,430.88,48194,4238.0,16066,2213.67,43447,2245.0,61165,737.0,81504,310.9,55772,765.0,5215,274.94,9133,2018.25
86965,1422.0,89140,445.0,30198,500.0,94002,180.0,92785,1618.96,91964,1432.0,7453,2256.2,61998,6377.37,85247,5359.99,97554,2919.27,9323,947.0,22222,240.0,61744,430.88,57137,4235.0,9724,2212.87,23067,2244.0,17517,735.0,56434,308.63,84000,764.0,68378,274.94,37263,2017.8075
11057,1417.0,97460,444.0,38659,500.0,9480,180.0,95314,1618.68,57624,1431.0,8001,2255.75,98363,6376.77,91268,5356.87,45207,2916.53,39119,946.0,22275,240.0,94072,430.88,55052,4231.0,95139,2211.6,61554,2244.0,20449,735.0,1142,308.62,21655,762.0,43485,274.92999999999995,4558,2012.4458333333332
56979,1409.0,97791,444.0,39637,498.0,12184,178.0,33899,1618.34,32641,1429.0,8377,2255.75,77620,6375.84,4686,5348.82,1715,2916.49,90784,946.0,22425,240.0,14547,429.88,95744,4229.0,13165,2211.41,42992,2242.0,39101,735.0,81657,308.19,21101,761.0,17419,274.91999999999996,68493,2009.8999999999999
68362,1408.0,13372,443.0,14662,497.0,11145,175.0,2987,1618.0,33562,1427.0,40321,2255.7,22778,6373.87,56069,5342.06,59899,2916.17,32889,945.0,2249,240.0,14577,429.88,98679,4226.0,59554,2209.4,47602,2241.0,35855,730.0,92468,307.73,4958,761.0,68163,273.95,88944,2009.1375
43357,1403.0,51108,443.0,18161,497.0,15954,175.0,40959,1617.62,23754,1426.0,87568,2255.1,48028,6373.23,89660,5341.73,90550,2914.81,29403,944.0,22506,240.0,38742,429.88,9928,4219.0,88389,2209.38,56748,2241.0,39688,730.0,79896,306.82,84496,761.0,36067,273.93,38247,2002.6208333333334
49699,1400.0,2719,441.0,81026,497.0,32978,175.0,4305,1617.03,22035,1424.0,7301,2254.95,31155,6372.17,71008,5341.27,66807,2909.78,53105,944.0,22749,240.0,44533,429.88,68501,4218.0,24013,2206.7599999999998,72302,2241.0,19183,729.0,25505,306.81,23428,760.0,52766,272.91999999999996,65081,2002.2666666666667
27308,1399.0,74456,441.0,66418,496.0,3650,175.0,43747,1615.8,36316,1424.0,86624,2254.85,94142,6370.65,16006,5339.99,36580,2909.61,51027,943.0,22916,240.0,44868,429.88,33958,4213.0,21237,2205.09,85378,2241.0,20388,729.0,67779,306.36,29173,760.0,11124,272.90999999999997,60912,1999.6666666666667
14272,1395.0,56527,440.0,88371,496.0,38020,175.0,47193,1614.89,73960,1423.0,32418,2254.3,16706,6367.97,27618,5339.86,19027,2908.46,1639,942.0,22917,240.0,56337,429.88,96641,4209.0,78784,2202.67,98238,2240.0,37383,729.0,22425,305.91,99059,760.0,14534,271.96,89393,1999.11
11636,1390.0,93790,440.0,92045,496.0,47699,175.0,37272,1613.92,2069,1422.0,19816,2253.35,76635,6367.94,31400,5337.74,34899,2908.23,68705,942.0,22976,240.0,73513,429.88,61422,4207.0,50899,2202.03,96952,2238.0,71056,729.0,18945,305.46,39566,759.0,4239,271.94,97507,1998.5874999999999
82112,1390.0,59370,439.0,77183,494.0,49985,175.0,90898,1611.93,70075,1418.0,45096,2253.0,69266,6367.05,99657,5337.09,11976,2906.46,26413,941.0,22985,240.0,74349,429.88,64608,4206.0,97602,2201.85,2528,2237.0,15132,728.0,5283,304.99,4171,758.0,45079,271.94,55251,1998.0458333333333
70037,1384.0,32392,438.0,49285,492.0,52239,175.0,98626,1611.79,79304,1414.0,73395,2253.0,30311,6362.5,29302,5333.2,13375,2898.9,49433,939.0,23010,240.0,35419,428.88,65870,4205.0,36660,2199.62,32391,2237.0,46977,727.0,5671,304.55,5803,758.0,75220,269.94,69769,1996.0316666666668
23849,1383.0,1623,437.0,22567,491.0,5580,175.0,51306,1611.62,50742,1412.0,18555,2252.55,52597,6360.6,50181,5332.53,38984,2898.84,17143,938.0,23056,240.0,36391,428.88,54748,4200.0,29869,2199.42,35386,2236.0,56990,726.0,35013,304.54,86214,757.0,80697,269.94,16506,1987.9591666666665
70046,1372.0,18654,437.0,25781,491.0,55976,175.0,18528,1611.23,79277,1410.0,5522,2252.1,34554,6359.48,21667,5330.86,63273,2897.84,6431,934.0,23185,240.0,42484,428.88,11252,4198.0,4754,2196.32,50927,2236.0,7601,726.0,45017,304.11,20063,755.0,93614,269.93,53055,1976.125
23748,1370.0,87815,437.0,7809,491.0,57365,175.0,21087,1610.26,9030,1408.0,61985,2251.8,30179,6357.78,73837,5326.49,16213,2896.81,88697,934.0,23296,240.0,46779,428.88,34142,4198.0,27940,2196.09,48655,2235.0,4403,725.0,65133,303.65,25965,754.0,34092,268.90999999999997,58592,1973.875
63478,1370.0,21563,436.0,81540,491.0,61275,175.0,97530,1610.03,25307,1407.0,63258,2251.5,60964,6357.54,63849,5324.0,58890,2895.13,99708,934.0,23348,240.0,48401,428.88,29164,4196.0,28399,2191.85,43747,2234.0,12525,724.0,13508,303.64,24842,753.0,15424,267.96,33588,1972.625
83907,1363.0,76974,436.0,2647,490.0,65347,175.0,33082,1609.68,3237,1404.0,88673,2251.5,46412,6356.93,8947,5323.14,18928,2895.12,70302,932.0,23456,240.0,58523,428.88,8024,4193.0,14452,2191.61,24867,2233.0,60197,724.0,60964,303.2,1815,752.0,82887,267.95,84946,1971.055
17946,1361.0,95690,436.0,37205,490.0,6829,175.0,45037,1609.35,69286,1403.0,41401,2250.9,54733,6356.22,32112,5322.09,39877,2895.09,52881,930.0,23546,240.0,74604,428.88,69305,4191.0,1835,2189.77,52955,2233.0,69769,723.0,2308,303.19,71670,752.0,52317,266.95,68230,1969.9833333333333
77407,1361.0,60888,435.0,96019,490.0,79889,175.0,32167,1609.09,92945,1401.0,99363,2250.6,69044,6354.92,74646,5318.7,13502,2894.49,7059,930.0,23652,240.0,7664,428.88,15083,4185.0,13072,2188.4,63721,2233.0,69547,722.0,95988,302.74,59712,751.0,94200,266.95,75079,1968.4708333333335
43844,1360.0,65786,435.0,51111,489.0,82680,175.0,99814,1608.76,74173,1400.0,84579,2250.25,89833,6354.06,56404,5316.78,100478,2894.19,15597,928.0,23754,240.0,3939,427.88,55681,4178.0,28551,2186.75,53280,2230.0,97419,721.0,96360,302.74,100115,750.0,95749,266.93,74308,1965.8833333333332
23181,1357.0,14754,434.0,7831,488.0,90448,175.0,30894,1608.6200000000001,39151,1399.0,53441,2249.95,83681,6352.82,19680,5315.74,49888,2893.19,67962,928.0,2390,240.0,4695,427.88,2211,4177.0,79546,2183.08,9900,2229.0,62727,720.0,3599,302.72,96660,750.0,11628,265.96,39970,1965.3941666666667
1309,1356.0,65913,432.0,27700,486.0,92165,175.0,72647,1608.06,60475,1397.0,27899,2249.45,80598,6351.66,41505,5314.52,21006,2892.14,33512,927.0,23981,240.0,59816,427.88,92097,4172.0,65010,2182.6,23972,2221.0,94394,720.0,81793,302.72,4820,748.0,79051,265.90999999999997,1309,1958.4083333333335
28641,1356.0,81649,430.0,54847,486.0,93407,175.0,85898,1607.04,26390,1395.0,60749,2249.0,23348,6351.38,34092,5302.47,48432,2892.04,63715,927.0,24095,240.0,60846,427.88,48529,4169.0,67809,2181.2,24860,2220.0,1661,719.0,96975,302.29,15460,747.0,84594,265.90999999999997,35190,1954.0808333333334
91360,1354.0,54088,429.0,64397,486.0,26737,172.0,32635,1606.87,66604,1395.0,74456,2248.55,97854,6350.88,16016,5292.65,40456,2891.53,80772,927.0,2430,240.0,65564,427.88,49730,4167.0,75908,2177.16,67779,2220.0,21937,719.0,18928,301.82,49812,747.0,61558,264.94,1823,1947.555833333333
10740,1351.0,96517,429.0,95712,486.0,15438,170.0,45219,1606.84,4177,1392.0,65802,2248.35,67152,6347.82,33833,5289.86,14769,2890.45,97106,927.0,24469,240.0,87821,427.88,57549,4165.0,70772,2177.15,83222,2220.0,31540,719.0,34189,301.81,75772,747.0,87615,264.94,27124,1946.7991666666667
77458,1350.0,78790,428.0,59864,481.0,17169,170.0,26534,1605.91,88350,1391.0,18634,2247.7,37820,6346.91,82572,5288.74,22482,2886.68,20726,926.0,24606,240.0,30050,426.88,42313,4163.0,84143,2174.71,86380,2218.0,32661,719.0,23612,300.90000000000003,55302,744.0,97714,264.92,17379,1943.2091666666665
22149,1345.0,31842,426.0,21987,480.0,19015,170.0,59959,1605.44,61086,1390.0,47193,2247.35,35774,6346.6900000000005,71493,5286.46,13798,2883.48,41360,925.0,24766,240.0,38171,426.88,33916,4159.0,25304,2172.24,6016,2215.0,59081,718.0,88411,300.90000000000003,36659,743.0,36227,263.96,65112,1937.4508333333333
39618,1341.0,91760,426.0,32998,480.0,28181,170.0,71412,1605.15,93283,1384.0,30962,2247.15,36150,6345.49,47309,5282.23,98889,2881.92,70539,925.0,24803,240.0,42587,426.88,82181,4159.0,50280,2168.8,81648,2214.0,67135,718.0,26714,300.9,89451,743.0,31053,263.95,12652,1936.6458333333333
55404,1340.0,59228,425.0,46074,480.0,30269,170.0,10794,1604.64,97747,1383.0,88555,2246.5,83591,6340.42,80985,5280.94,98502,2881.84,35487,924.0,25011,240.0,4324,426.88,36073,4153.0,11662,2166.94,99851,2212.0,93187,718.0,100000,300.89,36540,742.0,53177,263.95,77922,1930.2616666666665
5809,1340.0,15169,422.0,72888,480.0,32418,170.0,95267,1603.85,68829,1382.0,72647,2245.5,15135,6335.57,21532,5277.41,62966,2880.7,73612,924.0,25015,240.0,45476,426.88,67827,4152.0,27860,2164.91,32109,2211.0,11143,717.0,82519,300.01,91189,741.0,96107,263.95,84377,1926.1733333333334
77230,1340.0,52591,422.0,77669,480.0,35709,170.0,3226,1603.71,14360,1381.0,29708,2245.2,80140,6335.46,16401,5276.0,55424,2879.16,19413,922.0,25032,240.0,45705,426.88,27990,4151.0,94925,2164.91,3575,2210.0,90638,714.0,64639,299.99,99057,739.0,53494,263.94,49016,1913.4775
52239,1338.0,52735,422.0,38526,479.0,38419,170.0,94318,1603.2,30365,1380.0,61275,2244.65,5280,6334.4,42587,5275.69,72370,2877.91,42991,922.0,25046,240.0,47032,426.88,74534,4144.0,59539,2164.3,52158,2209.0,98842,714.0,73668,299.11,96602,738.0,96284,262.94,87332,1913.3333333333333
84945,1337.0,20207,419.0,78704,479.0,48662,170.0,57317,1603.08,80140,1380.0,87324,2244.55,90711,6333.41,44320,5275.06,47738,2877.35,85345,922.0,25093,240.0,10659,425.88,30508,4143.0,37263,2163.7,30479,2208.0,36544,713.0,30040,299.09000000000003,96916,738.0,66020,262.93,82199,1912.3141666666668
96560,1335.0,26805,418.0,22814,478.0,49673,170.0,25518,1602.52,82398,1380.0,65080,2244.2,96564,6330.58,34542,5274.7,46088,2876.91,65929,921.0,25209,240.0,21075,425.88,38881,4143.0,83264,2163.64,87273,2208.0,83323,713.0,95518,297.73,29529,737.0,80685,262.91999999999996,75944,1909.255
38526,1334.0,88122,414.0,23090,478.0,65350,170.0,65080,1600.76,66622,1379.0,12774,2244.15,32573,6330.16,33015,5274.61,55303,2876.34,93692,920.0,25307,240.0,36015,425.88,74400,4143.0,35709,2163.52,4305,2207.0,1563,709.0,83037,297.72,83295,737.0,25450,261.96,52897,1905.7916666666667
42484,1327.0,97250,414.0,63060,478.0,68152,170.0,52561,1599.95,99127,1379.0,86194,2244.1,97573,6325.0599999999995,100800,5272.84,65669,2876.0299999999997,34134,919.0,25365,240.0,39452,425.88,83593,4139.0,6010,2163.44,5283,2205.0,20063,707.0,39596,297.27,23969,736.0,81493,261.96,5378,1899.625
55586,1325.0,28823,413.0,82704,478.0,75682,170.0,32146,1599.0,40538,1377.0,59887,2244.05,10134,6321.09,100931,5270.59,78092,2874.71,43115,916.0,2538,240.0,46722,425.88,15353,4137.0,11163,2159.57,64658,2204.0,12935,704.0,5809,297.26,29448,736.0,34055,261.95,89461,1896.9083333333335
61604,1324.0,51156,412.0,95949,478.0,86194,170.0,78415,1598.37,96517,1377.0,36426,2243.6,42885,6317.37,18595,5269.15,35244,2872.15,8306,915.0,25505,240.0,61560,425.88,78668,4137.0,25198,2159.41,11613,2203.0,3939,703.0,60086,296.83,38018,736.0,17225,261.94,86967,1896.7833333333335
56543,1320.0,74676,412.0,32955,477.0,88027,170.0,6627,1598.29,85545,1375.0,71809,2243.6,13246,6314.8,18788,5268.14,23479,2871.57,17679,913.0,25630,240.0,67899,425.88,44820,4132.0,81185,2158.95,29936,2202.0,88314,703.0,61024,296.82,65478,736.0,3143,261.94,9048,1896.6833333333334
79283,1320.0,69286,411.0,62073,477.0,91789,170.0,61127,1598.23,96290,1374.0,52239,2243.55,82767,6314.1,46412,5267.19,62078,2869.58,66237,912.0,25711,240.0,71037,425.88,30208,4125.0,2895,2158.37,75396,2201.0,62116,702.0,1784,294.55,65615,735.0,11756,261.93,91719,1895.5175
95139,1315.0,97469,411.0,69340,477.0,9740,170.0,98606,1598.03,56412,1373.0,48693,2243.15,18365,6314.09,52415,5262.68,14214,2868.8,48304,911.0,26232,240.0,33257,424.88,18153,4124.0,7857,2157.19,90448,2200.0,87273,702.0,77395,294.55,90831,735.0,52798,261.92,95092,1894.7958333333333
90910,1308.0,4559,410.0,88944,477.0,97768,170.0,11494,1597.85,92882,1373.0,40735,2242.75,55728,6310.82,71684,5262.15,10520,2867.98,62876,911.0,26244,240.0,40636,424.88,60959,4124.0,81946,2156.9,100687,2199.0,14754,701.0,35113,293.65,81497,734.0,97372,261.91999999999996,56218,1888.9025000000001
63111,1307.0,58813,410.0,34539,476.0,98491,170.0,73922,1596.66,38365,1372.0,11613,2242.5,94659,6310.7,65128,5260.29,65002,2867.33,76287,909.0,26390,240.0,48563,424.88,50061,4120.0,12391,2156.54,29292,2198.0,36202,701.0,31949,293.19,26176,733.0,21087,260.95,35614,1887.7791666666665
27422,1306.0,12903,408.0,48530,476.0,47342,167.0,25192,1596.47,39970,1372.0,13152,2242.25,36642,6309.42,82887,5255.74,60846,2866.83,44432,908.0,26439,240.0,54221,424.88,83907,4118.0,3287,2153.73,31817,2198.0,80785,700.0,54289,293.19,53310,733.0,22016,260.95,10078,1886.2958333333333
98502,1306.0,16392,408.0,66170,476.0,63614,167.0,84763,1596.42,38820,1369.0,51751,2241.7,35875,6302.95,92943,5252.63,97928,2864.05,49690,908.0,26447,240.0,58904,424.88,65108,4111.0,55952,2152.21,9580,2198.0,85368,699.0,49888,292.74,66350,733.0,52881,260.93,99064,1885.1666666666667
82104,1304.0,55052,408.0,31418,475.0,13613,165.0,75547,1595.94,36391,1368.0,2862,2241.35,15938,6302.53,70442,5251.63,87017,2863.56,53367,908.0,26542,240.0,58961,424.88,69361,4111.0,77534,2149.38,95011,2197.0,60371,694.0,67695,292.73,81451,731.0,13243,259.95,82958,1884.0933333333332
3498,1299.0,76527,407.0,44974,475.0,15629,165.0,83719,1595.76,11213,1367.0,13069,2240.5,63422,6302.04,52977,5249.14,86933,2861.34,18399,904.0,26714,240.0,67440,424.88,100264,4108.0,48390,2147.99,100751,2196.0,66290,694.0,35646,292.72,29962,730.0,91134,259.94,77761,1882.2675
79456,1298.0,68018,406.0,17781,473.0,15867,165.0,29168,1595.18,27662,1367.0,52561,2240.25,24252,6301.56,23849,5242.38,45895,2858.06,27151,904.0,27266,240.0,80149,424.88,34532,4098.0,14468,2147.77,47271,2195.0,40706,693.0,83818,292.72,69698,730.0,55699,259.93,76328,1881.8208333333332
60326,1296.0,34851,404.0,70276,473.0,17196,165.0,7453,1594.51,22222,1366.0,91520,2239.95,58078,6300.6,65732,5241.01,31763,2858.0,27425,904.0,27662,240.0,84740,424.88,36352,4092.0,79162,2147.54,54663,2195.0,46847,693.0,88448,291.82,39927,729.0,70772,259.93,82427,1881.4366666666667
59834,1295.0,78125,404.0,31974,472.0,20510,165.0,75181,1594.36,40602,1364.0,32827,2239.7,1815,6298.77,65578,5234.52,10937,2857.22,42196,904.0,27887,240.0,28603,423.88,71939,4091.0,37978,2146.94,90764,2194.0,59001,693.0,1931,291.38,11111,728.0,20757,258.95,2580,1869.7250000000001
54218,1294.0,22044,401.0,11451,471.0,32891,165.0,68720,1594.32,57657,1364.0,39596,2239.15,26737,6296.17,88862,5229.54,66363,2857.05,27266,903.0,27895,240.0,40926,423.88,2258,4090.0,46759,2146.76,55540,2193.0,76511,691.0,40106,291.37,33958,728.0,22336,258.95,86199,1866.0249999999999
49436,1293.0,50477,401.0,2440,471.0,34054,165.0,98119,1594.28,74408,1362.0,8506,2238.6,40896,6292.88,94025,5225.42,75665,2856.31,39906,903.0,28441,240.0,50474,423.88,53165,4090.0,24903,2144.89,74922,2193.0,30942,689.0,24903,289.99,99127,728.0,50005,258.95,70643,1856.4483333333335
62885,1291.0,56851,401.0,89728,471.0,34409,165.0,98102,1594.05,95802,1362.0,39078,2237.5,53586,6291.4,91695,5222.37,21382,2856.16,100223,901.0,28476,240.0,54469,423.88,41088,4089.0,95749,2143.47,85045,2192.0,79519,687.0,74119,289.56,25305,727.0,6508,258.95,5569,1849.3741666666667
5251,1288.0,21087,400.0,99939,470.0,34974,165.0,9120,1593.62,88879,1361.0,10826,2236.8,1186,6288.98,25589,5215.2,88540,2855.94,27903,901.0,28542,240.0,61871,423.88,16306,4087.0,66182,2142.84,50329,2191.0,8919,687.0,72657,289.54,49284,727.0,88316,258.93,64800,1847.3516666666667
90781,1287.0,76492,399.0,17267,469.0,42141,165.0,47309,1593.5,25093,1359.0,66220,2236.3,71150,6288.41,35953,5214.44,54397,2855.74,9642,900.0,28551,240.0,6536,423.88,76824,4086.0,90838,2141.45,12202,2188.0,26278,684.0,70088,289.53999999999996,53737,727.0,35159,257.95,97829,1845.0258333333334
83061,1276.0,53062,398.0,26558,467.0,44779,165.0,26374,1592.99,19950,1358.0,77136,2234.8,31249,6287.19,25711,5210.38,54117,2855.26,61128,898.0,28673,240.0,67371,423.88,61184,4085.0,39078,2140.61,73416,2188.0,41889,684.0,32865,289.09,11303,726.0,99152,257.95,23151,1844.9641666666666
100126,1272.0,91987,398.0,89210,466.0,46134,165.0,86194,1592.53,2214,1358.0,47902,2234.45,91294,6286.82,12800,5207.01,39298,2854.55,53215,897.0,29058,240.0,72075,423.88,98552,4084.0,29536,2140.01,92061,2188.0,51068,684.0,52604,289.08,27892,726.0,48233,257.94,23613,1843.6666666666667
44346,1269.0,50531,397.0,99492,466.0,47027,165.0,31418,1592.1,32998,1357.0,61041,2234.05,80498,6286.06,99339,5206.34,90105,2851.95,45093,896.0,29111,240.0,87867,423.88,35158,4080.0,3109,2139.78,25415,2186.0,73947,684.0,25997,288.64,27649,724.0,30084,257.93,66869,1843.4433333333334
31509,1268.0,12501,396.0,100301,465.0,47078,165.0,95152,1591.99,63446,1357.0,83041,2233.95,55110,6284.69,1823,5203.48,69279,2851.0,83591,896.0,29240,240.0,96509,423.88,34573,4079.0,37139,2136.72,3456,2186.0,58676,683.0,11177,288.63,80144,724.0,7417,256.95,92229,1842.6274999999998
85457,1268.0,45037,396.0,31749,465.0,51066,165.0,82181,1591.92,81295,1356.0,34785,2233.55,99283,6281.14,75862,5202.38,16419,2850.92,81220,895.0,29292,240.0,21496,422.88,98219,4078.0,64354,2135.33,38018,2186.0,76040,683.0,60912,288.63,81918,724.0,88481,256.95,86539,1840.1958333333332
91186,1267.0,76295,396.0,22916,464.0,5119,165.0,88697,1590.38,41100,1354.0,32635,2233.5,15944,6279.72,72995,5202.14,97460,2849.5099999999998,75182,894.0,29302,240.0,7369,422.88,13100,4073.0,45292,2134.71,48935,2186.0,49673,682.0,68429,287.28,3109,723.0,20661,256.94,94054,1840.1850000000002
67539,1265.0,99368,396.0,72121,464.0,55538,165.0,62987,1590.05,98083,1353.0,3226,2233.4,22149,6278.65,12470,5200.75,26646,2849.02,33018,892.0,29649,240.0,95092,422.88,86253,4073.0,91359,2133.66,75508,2186.0,85824,682.0,91252,287.28,10442,722.0,67152,256.94,83222,1839.175
31249,1264.0,70982,395.0,80414,464.0,61981,165.0,97810,1589.84,91906,1349.0,79993,2233.35,76369,6277.29,8094,5200.27,20076,2847.26,58977,891.0,29707,240.0,97832,422.88,18604,4072.0,66041,2133.43,24571,2185.0,2071,680.0,79829,287.27,11426,722.0,83998,256.94,4955,1834.4058333333332
27618,1260.0,83177,395.0,100848,463.0,62998,165.0,49205,1589.16,16006,1347.0,77167,2232.85,89771,6275.81,4875,5200.06,1838,2846.55,33557,890.0,29764,240.0,14534,421.88,23793,4071.0,28381,2132.66,66958,2185.0,61983,680.0,42313,286.82,47115,722.0,84961,256.93,38580,1833.9750000000001
37139,1257.0,91695,394.0,61802,463.0,67160,165.0,26652,1588.91,52078,1346.0,67943,2232.15,66006,6274.1,98556,5198.31,40396,2846.3,95299,889.0,29798,240.0,40683,421.88,79519,4070.0,45512,2132.26,61816,2183.0,75665,680.0,63250,286.82,66886,722.0,91436,255.96,92667,1830.8541666666667
27296,1256.0,35403,393.0,6211,463.0,69794,165.0,16817,1588.11,62093,1345.0,87372,2232.15,24903,6273.8,71817,5194.28,67297,2844.81,40243,888.0,29861,240.0,75841,421.88,94220,4063.0,51674,2130.23,54126,2182.0,12800,679.0,99064,286.37,4955,721.0,12525,255.93,17089,1830.1450000000002
97922,1254.0,59678,393.0,95578,463.0,74725,165.0,89305,1587.15,4206,1341.0,58428,2231.1,21921,6272.88,58104,5189.99,50582,2844.67,53145,882.0,29934,240.0,84251,421.88,49343,4060.0,65112,2129.59,84437,2182.0,60056,678.0,95906,285.45,69367,721.0,10402,255.92,63515,1829.5833333333333
52897,1253.0,88637,393.0,72775,462.0,78253,165.0,17744,1585.51,60079,1340.0,82398,2230.7,5784,6272.63,7235,5188.15,73171,2844.42,83041,882.0,30072,240.0,51509,420.88,55236,4056.0,68978,2128.32,47961,2181.0,94054,678.0,45219,284.55,71000,721.0,30040,255.92,100820,1826.6291666666666
88188,1246.0,98924,393.0,13055,461.0,80763,165.0,7058,1585.13,31749,1338.0,19761,2230.1,79889,6271.91,16731,5186.11,43157,2844.09,98646,880.0,30158,240.0,66315,420.88,40644,4054.0,100094,2127.77,76426,2181.0,93665,677.0,89594,284.54,52977,720.0,35781,254.95,23145,1823.6775
78197,1241.0,63924,392.0,30096,461.0,88560,165.0,35307,1585.12,37249,1336.0,95048,2229.95,66852,6271.89,11105,5185.9,100159,2843.99,45292,879.0,30305,240.0,79971,420.88,70503,4051.0,5338,2127.16,31686,2180.0,67804,676.0,27649,284.53999999999996,53207,720.0,11620,254.94,4655,1822.6791666666668
58346,1237.0,80526,392.0,42900,460.0,94652,165.0,15184,1584.02,55218,1336.0,98722,2229.8,30122,6271.46,78115,5185.15,82490,2841.98,61643,878.0,30365,240.0,84377,420.88,90898,4050.0,88411,2127.14,68749,2177.0,86107,672.0,31291,283.64,16802,719.0,6060,254.94,65802,1822.4791666666667
32760,1230.0,19519,391.0,80758,460.0,100126,160.0,34861,1584.02,80792,1336.0,41434,2228.9,92715,6270.43,87926,5182.0,100120,2839.57,55787,876.0,3048,240.0,92265,420.88,47936,4046.0,22884,2127.09,36409,2176.0,16275,671.0,3712,283.2,38020,719.0,17467,253.95999999999998,62639,1821.7
32827,1229.0,46977,390.0,94079,459.0,1006,160.0,98898,1583.68,97071,1335.0,67182,2228.8,35820,6270.42,71327,5180.63,3602,2837.22,9407,873.0,30489,240.0,13808,419.88,53310,4042.0,49145,2124.71,90728,2176.0,16944,671.0,81648,283.19,77126,719.0,14214,253.95,84803,1814.7308333333333
55986,1228.0,1607,388.0,35504,458.0,10709,160.0,84708,1583.6,91294,1333.0,73842,2228.75,39683,6265.28,30040,5178.25,93492,2836.77,74600,868.0,30508,240.0,32387,419.88,65914,4041.0,61630,2124.67,8691,2175.0,39233,670.0,25838,283.18,24849,718.0,57069,253.95,43657,1811.5600000000002
1675,1225.0,32131,388.0,25513,457.0,10855,160.0,15214,1583.09,49149,1331.0,92283,2228.6,59001,6264.96,95949,5176.59,46994,2835.73,79554,868.0,30625,240.0,5057,419.88,94463,4039.0,29305,2124.52,93178,2175.0,65917,670.0,66220,283.18,69481,718.0,67792,253.95,86819,1808.9416666666666
39262,1223.0,84061,388.0,46217,457.0,11965,160.0,96923,1583.06,80494,1330.0,87971,2227.75,70337,6264.57,32387,5175.25,4697,2834.45,80816,868.0,30643,240.0,50783,419.88,1471,4037.0,60555,2124.32,5984,2174.0,66799,670.0,5119,283.17,71651,718.0,79518,253.94,6234,1807.5874999999999
20076,1222.0,78092,387.0,33571,456.0,2097,160.0,42313,1582.91,75374,1327.0,17707,2227.6,22884,6263.72,24714,5174.74,25654,2834.05,24398,866.0,30673,240.0,57045,419.88,36919,4037.0,61998,2122.45,99403,2173.0,48655,669.0,18142,282.28000000000003,83551,718.0,89455,253.94,76112,1807.5666666666666
93303,1219.0,79739,387.0,74313,456.0,23296,160.0,54217,1582.61,16213,1326.0,60330,2227.25,25906,6261.14,88494,5172.6,29414,2832.52,84162,866.0,30758,240.0,73907,419.88,71056,4036.0,30211,2122.04,29692,2172.0,69481,668.0,54264,282.27,9041,717.0,19533,253.93999999999997,46877,1802.9766666666667
78904,1217.0,45745,386.0,16401,455.0,23819,160.0,58898,1582.36,32345,1326.0,17158,2227.2,99057,6259.9,84189,5169.31,6651,2831.47,31659,864.0,30885,240.0,78472,419.88,30331,4030.0,93658,2121.82,42085,2172.0,86294,668.0,87516,281.83,95876,717.0,98994,252.95,59926,1796.4575000000002
36659,1214.0,12733,384.0,81687,455.0,25202,160.0,47424,1582.24,77464,1326.0,29764,2227.05,5805,6259.58,84946,5167.89,58910,2830.04,35840,862.0,30999,240.0,87025,419.88,59959,4027.0,20923,2119.01,16506,2171.0,72352,667.0,23727,281.82,97530,717.0,26475,252.94,17398,1795.5441666666666
59835,1213.0,57015,383.0,10126,454.0,26197,160.0,64691,1581.59,38742,1324.0,69533,2226.95,93680,6258.28,21835,5167.54,98837,2829.91,33683,861.0,31018,240.0,89660,419.88,100658,4026.0,100159,2117.55,49285,2171.0,16753,666.0,32387,281.36,22149,716.0,33051,252.94,43524,1794.5024999999998
99057,1212.0,81218,383.0,33611,454.0,26263,160.0,11630,1580.47,18520,1322.0,96342,2226.75,12501,6255.2,25117,5167.0,77584,2829.37,42638,861.0,3109,240.0,96873,419.88,68657,4026.0,70163,2116.95,64292,2168.0,22035,665.0,36855,280.45,28542,715.0,46911,252.92,61166,1794.1683333333333
20424,1209.0,53525,382.0,61506,453.0,28095,160.0,93333,1580.06,44320,1322.0,33942,2226.45,37901,6255.06,38748,5165.36,8744,2828.45,92351,861.0,31550,240.0,19680,418.88,91427,4022.0,13384,2116.31,23579,2165.0,58592,664.0,43398,280.45,47584,715.0,100909,251.95,31797,1792.4166666666667
28717,1209.0,24731,381.0,98476,453.0,33594,160.0,84946,1580.04,69533,1322.0,13219,2226.25,4497,6253.2,57379,5160.59,55964,2826.87,25781,860.0,31650,240.0,3905,418.88,19236,4019.0,98502,2115.33,84169,2165.0,62014,664.0,99007,280.45,53000,715.0,2711,251.95,33875,1787.625
40679,1205.0,99726,381.0,12903,452.0,33997,160.0,55567,1579.4,87549,1322.0,51565,2226.0,88155,6252.78,11171,5155.74,41707,2823.94,94186,860.0,31749,240.0,48694,418.88,82856,4018.0,100782,2114.07,34568,2164.0,18986,663.0,11765,280.0,76065,715.0,41830,250.95,39577,1778.2083333333333
59092,1204.0,98184,380.0,52682,452.0,35646,160.0,89982,1579.05,100818,1320.0,43398,2225.45,83145,6252.45,3712,5152.46,45096,2823.06,33916,859.0,31770,240.0,49022,418.88,21593,4017.0,65929,2113.44,84757,2164.0,84298,663.0,82572,280.0,78482,715.0,64559,250.95,4731,1773.3358333333333
72657,1204.0,58115,379.0,55099,452.0,40895,160.0,96861,1578.1,42858,1317.0,86965,2225.45,14202,6251.97,94799,5148.28,2493,2820.66,85170,857.0,31817,240.0,51674,418.88,27550,4016.0,29173,2113.05,96239,2160.0,40494,661.0,23086,279.99,52587,714.0,32516,249.95,11613,1772.0266666666666
63918,1202.0,4818,378.0,57622,452.0,41275,160.0,89213,1577.31,81758,1317.0,80526,2225.25,32998,6251.8,96975,5147.06,58969,2817.93,67475,856.0,31907,240.0,89659,418.88,100593,4014.0,35840,2112.02,12709,2159.0,71190,661.0,38552,279.55,92265,714.0,50783,249.94,15063,1765.3583333333333
6362,1201.0,2844,377.0,55646,451.0,43896,160.0,4717,1577.04,63256,1313.0,27678,2224.7,34923,6249.89,77136,5146.24,11124,2816.22,54419,855.0,31962,240.0,99790,418.88,34785,4014.0,4018,2110.99,36227,2159.0,89637,661.0,23970,279.53999999999996,37827,713.0,56444,249.94,98560,1762.5666666666666
6920,1197.0,31002,377.0,100137,450.0,4518,160.0,28669,1576.94,71642,1313.0,93372,2224.35,75448,6249.45,33803,5145.93,55286,2816.11,22824,852.0,31974,240.0,16523,417.88,57078,4010.0,98751,2108.9900000000002,89094,2158.0,1572,660.0,25330,279.11,58160,713.0,78422,249.94,63060,1759.8958333333333
86073,1197.0,54289,377.0,53494,450.0,47774,160.0,49285,1576.47,42143,1308.0,21686,2224.3,38712,6249.39,82082,5145.73,89756,2813.31,33131,852.0,32186,240.0,29113,417.88,23970,4009.0,100906,2108.76,26534,2157.0,68390,660.0,81237,279.09000000000003,89770,713.0,80202,249.94,81568,1759.75
74922,1196.0,68482,376.0,84687,450.0,49261,160.0,8024,1575.47,4494,1306.0,46847,2224.05,24606,6248.47,72301,5141.96,34394,2813.09,40444,851.0,32345,240.0,58398,417.88,94213,4007.0,11197,2108.75,81719,2157.0,47133,659.0,71493,279.09,96706,713.0,95445,249.94,18928,1755.3166666666666
64176,1192.0,40373,374.0,17756,449.0,4930,160.0,44159,1575.11,5782,1306.0,54640,2224.05,65294,6244.0,94054,5138.44,67695,2813.08,49246,851.0,3237,240.0,61985,417.88,54995,4004.0,29692,2108.39,23296,2156.0,22362,658.0,18840,278.64,99790,712.0,22861,249.92999999999998,45582,1754.6666666666667
89603,1191.0,96262,373.0,39017,449.0,53932,160.0,35112,1574.85,14243,1305.0,98187,2223.5,14930,6243.96,37653,5137.6,8691,2812.67,87852,851.0,32387,240.0,72581,417.88,13375,4001.0,72708,2107.34,5280,2156.0,24013,656.0,15219,278.63,32075,710.0,56404,248.95,47902,1750.5349999999999
95463,1191.0,9900,373.0,19195,448.0,57064,160.0,75941,1573.65,26542,1305.0,17419,2223.4,88594,6242.62,6842,5137.28,80884,2810.86,89545,851.0,32521,240.0,9022,417.88,95710,4000.0,33799,2106.5099999999998,63111,2154.0,25117,656.0,65786,278.63,3472,710.0,88754,248.95,5919,1750.1208333333334
67297,1189.0,17857,372.0,42023,448.0,59950,160.0,72043,1572.94,64096,1304.0,66006,2223.15,76112,6240.6900000000005,35375,5135.35,20818,2808.36,33783,850.0,32534,240.0,9162,417.88,25685,3999.0,66154,2106.13,47827,2152.0,57317,656.0,17622,278.19,40739,710.0,25011,248.94,92205,1749.9291666666668
9453,1189.0,5501,371.0,67840,448.0,61086,160.0,71988,1572.91,83935,1304.0,21922,2222.05,43106,6240.08,73292,5132.0,4206,2806.53,85045,847.0,32635,240.0,92785,417.88,44563,3998.0,78453,2104.94,39543,2151.0,68163,656.0,46351,278.19,42313,710.0,8307,248.94,29798,1744.25
73092,1186.0,62562,371.0,76065,447.0,63292,160.0,2260,1572.46,71008,1303.0,55561,2221.7,54128,6240.07,16128,5127.79,6233,2806.41,1990,846.0,32641,240.0,1002,416.88,33923,3997.0,66852,2102.45,42289,2151.0,4993,655.0,100171,278.18,49326,710.0,96861,248.94,91660,1743.575
75381,1184.0,63615,371.0,42134,446.0,63610,160.0,87388,1571.96,87995,1303.0,72283,2221.5,67215,6237.89,73893,5125.5,95556,2806.16,33536,846.0,32807,240.0,12202,416.88,88673,3997.0,39300,2101.84,69639,2151.0,29211,654.0,34861,277.73,67891,710.0,71740,247.95,34753,1738.75
54740,1183.0,100000,369.0,3143,445.0,63676,160.0,8164,1571.92,96390,1303.0,45037,2221.2,9120,6236.46,73608,5125.49,4558,2806.11,27467,845.0,32865,240.0,15240,416.88,63083,3990.0,33257,2101.04,27422,2150.0,39754,653.0,13278,277.71999999999997,96268,710.0,89249,247.94,11133,1738.0208333333333
27697,1181.0,18840,369.0,59024,445.0,69523,160.0,35011,1570.99,80763,1302.0,65870,2220.15,12709,6236.16,71859,5124.24,54161,2804.41,72226,842.0,32889,240.0,23612,416.88,76149,3988.0,22141,2101.02,6289,2150.0,96509,653.0,53440,277.28,83454,709.0,64411,246.95999999999998,61307,1736.1208333333334
98842,1177.0,36460,369.0,85119,445.0,72766,160.0,60223,1569.61,80869,1302.0,11232,2220.0,46185,6235.99,68605,5121.96,67017,2801.74,86503,841.0,32898,240.0,2446,416.88,64291,3985.0,87651,2100.64,72166,2149.0,66817,652.0,19533,277.27,94463,709.0,100214,246.95,65400,1731.325
3070,1176.0,39567,369.0,89603,444.0,75182,160.0,64291,1569.5,61832,1301.0,66456,2219.85,89638,6234.48,62106,5120.12,48563,2801.06,70342,839.0,32998,240.0,52609,416.88,90783,3984.0,32614,2100.2,74346,2149.0,9250,651.0,90482,277.26,16779,708.0,25908,245.95,95069,1731.2916666666667
7104,1176.0,69523,369.0,96671,444.0,78704,160.0,98522,1569.19,62041,1301.0,46853,2219.0,82652,6230.72,52943,5113.0,100472,2799.96,7810,838.0,33051,240.0,53536,416.88,74841,3983.0,63157,2097.95,44320,2148.0,55251,649.0,1563,276.83,52316,707.0,80917,245.94,75833,1730.7041666666667
71690,1175.0,7395,367.0,35781,442.0,79941,160.0,51108,1568.91,6536,1300.0,79091,2218.8,1214,6230.03,35823,5111.58,14424,2799.7,44779,837.0,33557,240.0,69680,416.88,67693,3980.0,98924,2097.55,64605,2148.0,28181,648.0,34689,276.82,26536,706.0,86448,245.94,11926,1730.1725
9267,1173.0,75715,367.0,25240,441.0,82647,160.0,45149,1568.75,10855,1299.0,26173,2218.75,56260,6229.65,54847,5111.47,4416,2799.28,1596,834.0,33562,240.0,73011,416.88,42329,3978.0,95870,2097.53,43021,2147.0,30040,648.0,39192,276.82,58108,706.0,74697,244.95999999999998,33156,1729.1416666666667
54941,1162.0,76697,367.0,52636,441.0,84786,160.0,38455,1567.49,17813,1299.0,96436,2217.9,77003,6229.42,41889,5111.27,83926,2798.87,49174,834.0,33768,240.0,75477,416.88,74448,3977.0,39388,2096.12,96509,2147.0,31596,648.0,6295,276.81,63374,706.0,17163,244.95,89112,1728.3166666666666
76581,1162.0,88554,367.0,74448,441.0,84905,160.0,26969,1567.45,71049,1298.0,28420,2217.7,32326,6228.71,32418,5104.88,57204,2797.64,90781,834.0,33799,240.0,79546,416.88,95418,3977.0,74922,2095.71,25778,2146.0,53677,648.0,70819,276.81,64207,706.0,49387,244.95,53425,1725.0608333333332
79149,1150.0,92468,367.0,34055,439.0,85153,160.0,87805,1567.45,87486,1298.0,13808,2216.85,17730,6228.28,5580,5104.0,62842,2792.98,56979,828.0,34107,240.0,95243,416.88,62863,3975.0,13611,2095.1,39690,2146.0,60126,648.0,8625,276.81,4265,705.0,75369,244.95,98861,1719.625
34672,1148.0,19014,366.0,38288,439.0,87668,160.0,44069,1567.4,62797,1297.0,71859,2216.3,58813,6220.94,23387,5103.27,63515,2791.84,21230,825.0,34721,240.0,100348,415.88,67252,3974.0,89944,2091.66,40538,2146.0,16902,647.0,1622,276.8,5353,705.0,93678,244.94,4548,1719.0416666666667
74400,1143.0,40080,366.0,40951,438.0,92848,160.0,88859,1566.99,78033,1296.0,87118,2216.15,9678,6219.18,76906,5102.53,80245,2790.91,36760,823.0,34797,240.0,16902,415.88,1908,3972.0,68360,2090.45,11620,2145.0,51810,647.0,33549,276.37,88410,705.0,2294,244.93999999999997,37618,1715.0125
72766,1142.0,21928,365.0,75435,438.0,9303,160.0,20424,1566.97,33768,1295.0,71699,2216.0,92705,6217.72,74841,5101.24,88084,2789.89,28032,822.0,35011,240.0,23846,415.88,27204,3972.0,11563,2089.77,73017,2144.0,8982,646.0,54151,276.37,16801,704.0,68390,243.95999999999998,80252,1713.38
58969,1137.0,52800,365.0,89631,437.0,93178,160.0,30179,1566.62,36280,1295.0,81218,2215.65,58815,6217.0,93407,5100.39,35976,2789.45,94164,821.0,35013,240.0,58317,415.88,72789,3971.0,43668,2089.61,4651,2143.0,67370,645.0,66958,276.37,6889,704.0,93176,243.95999999999998,97272,1710.506666666667
55810,1135.0,65615,364.0,65826,436.0,94142,160.0,89625,1565.69,72226,1294.0,16249,2213.95,68337,6216.82,2518,5098.78,61819,2789.05,31840,816.0,35110,240.0,59092,415.88,37827,3968.0,52239,2088.57,37990,2142.0,88412,643.0,91294,276.37,97633,704.0,32889,243.95,19952,1708.6358333333335
95109,1130.0,91655,363.0,35212,435.0,95936,160.0,4823,1564.94,41889,1293.0,31249,2213.9,8266,6213.61,10215,5098.2,10130,2784.8,52800,816.0,35130,240.0,33878,414.88,97446,3968.0,28719,2088.16,3868,2141.0,45237,642.0,25117,276.35,20251,703.0,51547,243.95,30728,1706.9083333333335
66188,1129.0,9204,363.0,53441,435.0,97163,160.0,33917,1564.45,81823,1293.0,31140,2213.2,88411,6210.07,44432,5097.63,78671,2784.37,6315,813.0,35200,240.0,39108,414.88,23428,3966.0,100927,2086.13,39452,2139.0,54148,640.0,86072,275.91,27661,703.0,93624,243.94,64000,1704.99
2294,1121.0,96107,362.0,73031,435.0,98187,160.0,1631,1564.15,89770,1292.0,4888,2212.95,14547,6208.64,62746,5093.86,57717,2783.17,25631,811.0,35298,240.0,40903,414.88,80336,3966.0,56748,2085.93,39927,2139.0,64111,640.0,34722,275.90999999999997,90400,703.0,90334,243.93999999999997,54512,1704.675
67152,1121.0,16615,361.0,16997,434.0,96430,158.0,53310,1564.06,51698,1290.0,93083,2212.7,2677,6207.6,31303,5092.84,70923,2781.96,72166,811.0,35693,240.0,41893,414.88,52790,3963.0,83907,2085.73,94487,2139.0,15629,639.0,90681,275.90999999999997,17397,702.0,41100,242.95999999999998,73612,1699.3166666666666
23290,1120.0,79910,360.0,56979,434.0,10693,155.0,60678,1563.95,25046,1286.0,42309,2212.5,30976,6207.47,34568,5092.23,25453,2779.81,27794,810.0,35762,240.0,4336,414.88,26232,3962.0,97419,2085.7,4343,2137.0,31043,639.0,49153,275.45,81687,702.0,6809,242.95,43659,1697.2766666666666
89673,1119.0,91819,360.0,18555,432.0,11105,155.0,5890,1563.8,26447,1286.0,45331,2212.05,55077,6206.57,80606,5089.43,61411,2779.53,62131,809.0,35940,240.0,48685,414.88,79656,3961.0,14685,2085.1,22627,2136.0,50172,639.0,96517,275.45,13865,701.0,74341,242.95,71928,1696.0333333333335
5241,1114.0,32308,359.0,58022,432.0,11648,155.0,80512,1563.27,20841,1285.0,45432,2211.9,74831,6204.73,42603,5089.22,2274,2779.52,91625,809.0,36205,240.0,67863,414.88,14358,3960.0,23265,2084.45,23502,2136.0,57668,639.0,75264,275.44,28441,700.0,19572,242.94,58078,1694.3500000000001
57766,1114.0,68563,358.0,61805,432.0,12148,155.0,67160,1563.02,19143,1284.0,62876,2211.1,19954,6203.14,46911,5086.73,99368,2779.3,33833,808.0,36280,240.0,69710,414.88,15975,3959.0,5852,2083.73,75944,2136.0,90330,638.0,7572,275.0,95957,700.0,45570,241.96,16444,1693.6583333333335
68609,1114.0,97960,358.0,67074,431.0,15935,155.0,30050,1562.94,34797,1283.0,19322,2210.95,31797,6201.66,100282,5079.94,20339,2779.02,41988,806.0,36316,240.0,74075,414.88,90400,3958.0,81404,2082.65,31489,2135.0,43016,637.0,47502,274.55,13724,699.0,52007,241.95,86161,1691.8183333333334
27895,1112.0,36893,357.0,8334,431.0,18793,155.0,33739,1561.91,54709,1283.0,42296,2210.9,72758,6199.81,69564,5079.93,21206,2778.88,4490,798.0,36391,240.0,85199,414.88,99609,3958.0,23296,2082.24,1443,2134.0,54289,637.0,54663,273.64,29164,699.0,92346,241.95,32759,1690.0675
59320,1112.0,5299,357.0,25286,430.0,19561,155.0,80150,1561.83,49658,1280.0,3143,2210.1,66898,6197.7300000000005,49261,5078.24,23906,2778.34,12652,797.0,36440,240.0,16546,413.88,15239,3954.0,17311,2080.43,85885,2134.0,76240,634.0,99578,273.17,24618,698.0,93083,241.95,20726,1689.7166666666665
32418,1110.0,71008,356.0,52704,430.0,21164,155.0,13677,1561.62,55873,1279.0,41230,2209.95,8109,6197.7,23314,5075.23,1382,2776.47,9936,797.0,36501,240.0,16601,413.88,71049,3954.0,50563,2079.41,11475,2132.0,82707,634.0,92785,272.28,51087,698.0,96404,241.92999999999998,15460,1689.2875000000001
98646,1110.0,90751,356.0,68563,430.0,22121,155.0,47173,1561.36,29292,1278.0,10356,2208.9,42725,6196.6,2236,5074.8,95988,2775.91,67117,795.0,36725,240.0,27204,413.88,38188,3953.0,9399,2078.38,16141,2131.0,20089,633.0,92175,272.27,5620,698.0,28272,241.92,8882,1688.819166666667
10743,1108.0,89350,355.0,87547,430.0,27006,155.0,8473,1561.28,39589,1278.0,45149,2208.8,51186,6195.22,76569,5073.96,53165,2775.86,16709,792.0,36754,240.0,35180,413.88,1661,3952.0,69680,2078.37,36725,2131.0,60672,633.0,68398,271.83,76697,698.0,71199,240.95999999999998,93665,1686.7783333333334
49704,1106.0,8307,354.0,99539,430.0,27372,155.0,25613,1561.12,85945,1278.0,23585,2207.75,67592,6193.2699999999995,48924,5073.6,99988,2775.72,4708,792.0,36833,240.0,60424,413.88,25584,3950.0,64959,2075.51,51186,2127.0,1234,632.0,97714,271.82,57372,697.0,83236,240.95999999999998,2862,1686.5675
70322,1106.0,90620,354.0,81270,429.0,27411,155.0,63574,1560.77,39834,1276.0,85767,2207.45,88188,6191.32,75376,5071.35,65108,2774.41,84061,792.0,36893,240.0,63625,413.88,92175,3946.0,30082,2075.3,23958,2126.0,48924,632.0,38302,271.8,75857,697.0,12443,240.95,24920,1684.75
2760,1104.0,65884,353.0,42172,427.0,30949,155.0,9303,1560.58,59047,1276.0,75379,2206.55,74619,6190.82,94213,5068.3,26534,2774.08,93178,790.0,37094,240.0,65935,413.88,82806,3944.0,59777,2073.89,30638,2123.0,50726,631.0,48031,271.37,83681,697.0,50709,240.94,59680,1683.97
27628,1101.0,77464,352.0,61128,427.0,39252,155.0,8059,1560.29,61584,1276.0,1460,2206.4,5174,6190.12,74378,5065.87,39736,2773.98,54775,789.0,37177,240.0,67962,413.88,74438,3941.0,79963,2072.23,51087,2123.0,50955,629.0,82787,271.35,93932,697.0,60859,239.95999999999998,51295,1683.6525000000001
81861,1100.0,82058,352.0,64354,427.0,39464,155.0,11232,1558.62,47580,1275.0,16817,2205.55,8381,6189.04,5285,5065.08,93303,2773.88,78137,788.0,37249,240.0,95039,413.88,36426,3940.0,53797,2070.39,54200,2120.0,70452,629.0,40771,270.91,73612,696.0,28056,239.95,15258,1682.3933333333334
64111,1098.0,94374,352.0,79500,427.0,45199,155.0,20710,1558.57,30673,1274.0,79669,2204.9,85539,6188.71,94178,5064.06,19413,2773.0,31938,784.0,37593,240.0,31522,412.88,29264,3938.0,87815,2068.54,57778,2119.0,35646,628.0,24476,270.89,17741,695.0,34134,239.95,79999,1681.3833333333332
25685,1097.0,2274,351.0,36642,426.0,53177,155.0,77136,1558.41,50194,1272.0,43281,2204.6,100000,6188.62,68656,5061.27,100105,2771.13,52756,778.0,37653,240.0,32382,412.88,45477,3937.0,20755,2067.18,13072,2118.0,66020,628.0,6030,270.46,44102,695.0,68085,239.95,95048,1678.8291666666667
