Account No,total_transactions,total_payments,median_payment,mean_payment,business_interactions,user_interactions
101531259.0,11,16967.5,1542.5,1542.5,['Hobbycraft'],[]
104832000.0,14,20550.0,1675.0,1467.857142857143,['A Yarn Story'],[587923845.0]
105375973.0,10,9000.0,900.0,900.0,[],[709632525.0]
106601471.0,11,18425.0,1675.0,1675.0,['Hobbycraft'],[]
108481285.0,23,25104.0,640.0,1091.4782608695652,['Happy Days Home'],[913801979.0]
108563213.0,11,41239.0,3749.0,3749.0,['LBG'],[]
108812033.0,11,9130.0,830.0,830.0,[],[386277162.0]
108931112.0,12,53519.0,4779.0,4459.916666666667,['Remedy plus care'],[646840694.0]
111137699.0,12,20100.0,1675.0,1675.0,['Tesco'],[]
113747882.0,12,28425.0,2475.0,2368.75,['Halifax'],[633345190.0]
116169597.0,15,19217.5,1542.5,1281.1666666666667,['Hobby Lobby'],[846550094.0]
116598243.0,14,22872.0,1706.0,1633.7142857142858,['Westport Care Home'],[383625050.0]
117273481.0,11,37136.0,3376.0,3376.0,['CPA'],[]
117308635.0,14,17550.0,1200.0,1253.5714285714287,[],[255814263.0]
119943495.0,11,4400.0,400.0,400.0,[],[352899149.0]
119993184.0,12,20544.0,1712.0,1712.0,['Westport Care Home'],[]
120634201.0,11,28611.0,2601.0,2601.0,['Lloyds Pharmacy'],[]
121113546.0,14,5250.0,410.0,375.0,[],[490790931.0]
121858569.0,11,41250.0,3750.0,3750.0,['Lloyds Pharmacy'],[]
122884111.0,9,15180.0,1820.0,1686.6666666666667,[],[924045955.0]
124102251.0,12,22999.199999999997,1916.6,1916.5999999999997,['Starbucks'],[]
124125096.0,14,32709.92,2641.66,2336.422857142857,['Sunny Care Nursery'],[514362267.0]
126929801.0,11,20267.5,1842.5,1842.5,['Jollyes'],[]
127809299.0,21,12060.0,580.0,574.2857142857143,[],[876890798.0]
128030172.0,12,3360.0,280.0,280.0,[],[550644516.0]
128033695.0,12,19441.199999999997,1620.1,1620.0999999999997,['Costa Coffee'],[]
129018172.0,12,32442.6,2916.6,2703.5499999999997,['Pets at Home'],[541639148.0]
130154096.0,12,30668.0,2708.0,2555.6666666666665,['LBG'],[799861885.0]
130522384.0,12,20843.04,1736.92,1736.92,['Victoria Park'],[]
131388684.0,12,52500.0,4375.0,4375.0,['Premier Finance'],[]
132400709.0,11,4070.0,370.0,370.0,[],[340295966.0]
133755851.0,11,34848.0,3168.0,3168.0,['Matalan'],[]
134461671.0,11,41250.0,3750.0,3750.0,['Remedy plus care'],[]
134847904.0,11,45309.0,4119.0,4119.0,['Boots'],[]
135937041.0,12,23316.0,1943.0,1943.0,['Westport Care Home'],[]
136770968.0,11,6820.0,620.0,620.0,[],[787139484.0]
137822385.0,12,33276.0,2773.0,2773.0,['A Cut Above'],[]
137913631.0,12,28632.0,2602.0,2386.0,['Lloyds Pharmacy'],[310620484.0]
138351025.0,11,18425.0,1675.0,1675.0,['Sainsbury'],[]
138609932.0,4,8010.0,2105.0,2002.5,[],[874431242.0]
138969884.0,12,19152.0,1596.0,1596.0,['Westport Care Home'],[]
140893085.0,12,22999.199999999997,1916.6,1916.5999999999997,['Costa Coffee'],[]
141521177.0,11,33000.0,3000.0,3000.0,['LBG'],[]
142791593.0,13,19650.0,1625.0,1511.5384615384614,['Rose & Crown'],[719742742.0]
143003091.0,11,32098.0,2918.0,2918.0,['University College Hospital'],[]
143061865.0,11,27599.0,2509.0,2509.0,['CPA'],[]
143383029.0,12,6500.0,530.0,541.6666666666666,[],[656317661.0]
143606916.0,12,8880.0,740.0,740.0,[],[183546640.0]
145387690.0,23,26590.0,1675.0,1156.0869565217392,['The Crown'],[221868392.0]
146686559.0,12,20100.0,1675.0,1675.0,['North Face'],[]
146909202.0,23,29397.0,1270.0,1278.1304347826087,['Fitted Stitch'],[741269136.0]
147341222.0,11,4840.0,440.0,440.0,[],[843537309.0]
147474476.0,12,37500.0,3125.0,3125.0,['Premier Finance'],[]
147508204.0,12,8880.0,740.0,740.0,[],[189335192.0]
149684419.0,11,14520.0,1320.0,1320.0,[],[452974357.0]
151278285.0,15,32840.0,2000.0,2189.3333333333335,['Matalan'],[264550521.0]
151916463.0,11,18425.0,1675.0,1675.0,['Gamestation'],[]
151968462.0,12,40512.0,3376.0,3376.0,['Premier Finance'],[]
152488934.0,12,31777.199999999997,2648.1,2648.1,['Green Park Academy'],[]
152616936.0,15,15230.0,1250.0,1015.3333333333334,[],[683078800.0]
154246234.0,12,20472.0,1706.0,1706.0,['Westport Care Home'],[]
155317149.0,12,6980.0,620.0,581.6666666666666,[],[530855891.0]
155867488.0,15,13580.0,1090.0,905.3333333333334,[],[188263947.0]
158414827.0,11,20009.0,1819.0,1819.0,['Happy Days Home'],[]
158766229.0,12,5160.0,430.0,430.0,[],[534908754.0]
160166876.0,12,9720.0,810.0,810.0,[],[691789577.0]
162162212.0,15,25470.0,1675.0,1698.0,['Tesco'],[322720763.0]
162370388.0,11,18425.0,1675.0,1675.0,['Collector Cave'],[]
163470640.0,11,24904.0,2264.0,2264.0,['Vision Express'],[]
165045150.0,8,13080.0,1680.0,1635.0,[],[520418719.0]
165098840.0,13,8290.0,670.0,637.6923076923077,[],[111137699.0]
165691047.0,11,20267.5,1842.5,1842.5,['Pets at Home'],[]
166019891.0,11,32087.0,2917.0,2917.0,['LBG'],[]
168414279.0,11,7480.0,680.0,680.0,[],[565175333.0]
169006407.0,12,34440.0,2870.0,2870.0,['Pets Corner'],[]
169689461.0,11,25003.0,2273.0,2273.0,['Lloyds Pharmacy'],[]
170233640.0,6,5320.0,975.0,886.6666666666666,[],[116583583.0]
170637730.0,12,24252.0,2021.0,2021.0,['A Cut Above'],[]
172084472.0,22,34796.0,1943.0,1581.6363636363637,['Westport Care Home'],[407574996.0]
173335108.0,9,16600.0,1550.0,1844.4444444444443,[],[611143859.0]
175452235.0,13,17990.0,1310.0,1383.8461538461538,[],[835736339.0]
176922958.0,12,24252.0,2021.0,2021.0,['Barbiee Boutique'],[]
179173981.0,11,20075.0,1825.0,1825.0,['Matalan'],[]
180616589.0,12,20796.0,1733.0,1733.0,['Fat Face'],[]
183186021.0,8,12060.0,1130.0,1507.5,[],[901037631.0]
183546640.0,12,22110.0,1842.5,1842.5,['Brilliant Brushes'],[]
183888402.0,12,50004.0,4167.0,4167.0,['Fitted Stitch'],[]
184430449.0,11,28600.0,2600.0,2600.0,['Boots'],[]
187111705.0,11,36666.63,3333.33,3333.33,['Pets at Home'],[]
187541224.0,12,27600.0,2300.0,2300.0,['Green Park Academy'],[]
188263947.0,11,35430.0,3485.0,3220.909090909091,['University College Hospital'],[155867488.0]
189335192.0,12,22110.0,1842.5,1842.5,['Pets Corner'],[]
192202372.0,16,17710.0,1170.0,1106.875,[],[376271050.0]
194745206.0,12,16080.0,1340.0,1340.0,[],[899692478.0]
195895574.0,11,22231.0,2021.0,2021.0,['Head'],[]
196289502.0,11,37136.0,3376.0,3376.0,['CPA'],[]
197050303.0,11,18425.0,1675.0,1675.0,['Sainsbury'],[]
197779140.0,2,2040.0,1020.0,1020.0,[],[623156843.0]
197865285.0,12,34440.0,2870.0,2870.0,['Cass Art'],[]
198051483.0,12,18510.0,1542.5,1542.5,['Craftastic'],[]
198630866.0,5,4330.0,800.0,866.0,[],[919185264.0]
198946608.0,12,24000.0,2000.0,2000.0,['Fitted Stitch'],[]
199016328.0,12,30820.0,2800.0,2568.3333333333335,['Matalan'],[715068825.0]
200080192.0,12,33600.0,2800.0,2800.0,['Fat Face'],[]
202320275.0,11,4730.0,430.0,430.0,[],[688328251.0]
203466392.0,12,34099.92,2841.66,2841.66,['Lavender Primary'],[]
204855464.0,13,22092.6,1916.6,1699.430769230769,['Starbucks'],[284161641.0]
208381936.0,10,9880.0,1110.0,988.0,[],[254853117.0]
211493028.0,14,9000.0,680.0,642.8571428571429,[],[999752672.0]
212560376.0,15,7250.0,510.0,483.3333333333333,[],[648644594.0]
213096759.0,12,5160.0,430.0,430.0,[],[130522384.0]
213112754.0,12,34440.0,2870.0,2870.0,['Pets Corner'],[]
213930646.0,3,2100.0,720.0,700.0,[],[796709231.0]
214339619.0,12,22999.199999999997,1916.6,1916.5999999999997,['Costa Coffee'],[]
214765415.0,7,9180.0,1730.0,1311.4285714285713,[],[517190750.0]
215311171.0,12,18528.0,1544.0,1544.0,['Barbiee Boutique'],[]
215404070.0,13,10000.0,780.0,769.2307692307693,[],[768271776.0]
215426302.0,11,20267.5,1842.5,1842.5,['Cass Art'],[]
215832575.0,11,18425.0,1675.0,1675.0,['Hobby Lobby'],[]
216285378.0,12,40512.0,3376.0,3376.0,['Premier Finance'],[]
216286013.0,11,7370.0,670.0,670.0,[],[570575024.0]
218795010.0,12,18465.0,1675.0,1538.75,['Gamestation'],[364396689.0]
220183538.0,11,32670.0,2970.0,2970.0,['Hobby Lobby'],[]
221356538.0,11,18425.0,1675.0,1675.0,['Sainsbury'],[]
221868392.0,11,30470.0,2770.0,2770.0,['Hobby Lobby'],[]
223207876.0,15,19060.0,1580.0,1270.6666666666667,[],[670427480.0]
224112146.0,5,9130.0,1320.0,1826.0,[],[559995067.0]
225210798.0,13,23350.0,1842.5,1796.1538461538462,['Pets Corner'],[279149837.0]
226703987.0,12,25282.0,2292.0,2106.8333333333335,['CPA'],[856957948.0]
227104649.0,12,20100.0,1675.0,1675.0,['A Yarn Story'],[]
228136274.0,16,24007.5,1542.5,1500.46875,['Hobby Lobby'],[198946608.0]
229205098.0,12,30108.0,2509.0,2509.0,['Premier Finance'],[]
233981231.0,11,20267.5,1842.5,1842.5,['Pets at Home'],[]
234952520.0,2,3420.0,1710.0,1710.0,[],[987229118.0]
235310449.0,16,21020.0,1600.0,1313.75,[],[780463728.0]
235663459.0,16,24142.0,1596.0,1508.875,['Westport Care Home'],[679911053.0]
235881534.0,10,26000.0,2600.0,2600.0,['Lloyds Pharmacy'],[]
237493332.0,11,41239.0,3749.0,3749.0,['Halifax'],[]
237684254.0,11,18425.0,1675.0,1675.0,['Stitch By Stitch'],[]
240643705.0,14,32518.0,2918.0,2322.714285714286,['Remedy plus care'],[895750759.0]
241459011.0,12,19441.199999999997,1620.1,1620.0999999999997,['Starbucks'],[]
242218612.0,6,8970.0,1605.0,1495.0,[],[842682241.0]
245198540.0,11,18425.0,1675.0,1675.0,['Sainsbury'],[]
245690309.0,12,32496.0,2708.0,2708.0,['Premier Finance'],[]
246753533.0,11,18766.0,1706.0,1706.0,['Happy Days Home'],[]
248142083.0,11,6050.0,550.0,550.0,[],[138351025.0]
248625662.0,13,11320.0,920.0,870.7692307692307,[],[416060965.0]
248658670.0,21,17670.0,940.0,841.4285714285714,[],[121858569.0]
250895529.0,14,27140.0,2220.0,1938.5714285714287,[],[420109571.0]
250957494.0,11,8580.0,780.0,780.0,[],[331684336.0]
252419513.0,1,400.0,400.0,400.0,[],[422955974.0]
252760664.0,12,34999.2,2916.6,2916.6,['Pets Corner'],[]
254018059.0,10,2400.0,240.0,240.0,[],[817294757.0]
254853117.0,12,28500.0,2375.0,2375.0,['Fat Face'],[]
255814263.0,12,35988.0,2999.0,2999.0,['Selfridges'],[]
256002321.0,11,36663.0,3333.0,3333.0,['Boots'],[]
256045540.0,14,19581.199999999997,1620.1,1398.6571428571426,['Starbucks'],[711140907.0]
257633312.0,11,20267.5,1842.5,1842.5,['Jollyes'],[]
258201793.0,14,8350.0,570.0,596.4285714285714,[],[627936697.0]
259015404.0,24,26796.0,1116.5,1116.5,['North Face'],[146383025.0]
261793952.0,12,8400.0,700.0,700.0,[],[587202562.0]
261894284.0,6,6460.0,1080.0,1076.6666666666667,[],[527842638.0]
262767079.0,11,5940.0,540.0,540.0,[],[990894155.0]
263882093.0,12,5280.0,440.0,440.0,[],[757694047.0]
264208990.0,11,32098.0,2918.0,2918.0,['Remedy plus care'],[]
264550521.0,23,31210.0,1675.0,1356.9565217391305,['Tesco'],[151278285.0]
266777719.0,12,30240.0,2520.0,2520.0,[],[849775403.0]
270374623.0,11,34386.0,3126.0,3126.0,['University College Hospital'],[]
272538745.0,11,32082.6,2916.6,2916.6,['Jollyes'],[]
274818272.0,12,21828.0,1819.0,1819.0,['Westport Care Home'],[]
277562576.0,12,20100.0,1675.0,1675.0,['Tesco'],[]
279149837.0,13,17624.0,1544.0,1355.6923076923076,['Head'],[225210798.0]
280098744.0,18,23370.0,1230.0,1298.3333333333333,[],[660874296.0]
280130290.0,11,4620.0,420.0,420.0,[],[894576902.0]
280200287.0,7,9220.0,1010.0,1317.142857142857,[],[782013626.0]
280268430.0,11,25223.0,2293.0,2293.0,['Vision Express'],[]
280990953.0,16,9180.0,620.0,573.75,[],[668692488.0]
282046994.0,11,7150.0,650.0,650.0,[],[607629901.0]
282102606.0,14,30034.0,2472.0,2145.285714285714,['Green Park Academy'],[556631012.0]
282837512.0,11,32098.0,2918.0,2918.0,['Remedy plus care'],[]
283027736.0,14,9480.0,780.0,677.1428571428571,[],[472213568.0]
284161641.0,13,8060.0,640.0,620.0,[],[204855464.0]
284905540.0,12,32328.0,2694.0,2694.0,['Fitted Stitch'],[]
285220959.0,12,53019.0,4779.0,4418.25,['University College Hospital'],[409370545.0]
285428103.0,12,31777.199999999997,2648.1,2648.1,['Green Park Academy'],[]
285873880.0,12,23400.0,1950.0,1950.0,['A Cut Above'],[]
286484726.0,12,19125.0,1675.0,1593.75,['CeX'],[392270893.0]
287230540.0,11,25212.0,2292.0,2292.0,['Vision Express'],[]
287480331.0,23,28836.0,940.0,1253.7391304347825,['Happy Days Home'],[585596026.0]
290751280.0,12,19500.0,1625.0,1625.0,['The Crown'],[]
290818242.0,11,28600.0,2600.0,2600.0,['Boots'],[]
291580432.0,12,29664.0,2472.0,2472.0,['Green Park Academy'],[]
293191074.0,11,20163.0,1833.0,1833.0,['Matalan'],[]
293609137.0,16,6480.0,460.0,405.0,[],[696333897.0]
296770890.0,12,20855.04,1737.92,1737.92,['Lavender Fields'],[]
296972867.0,11,18425.0,1675.0,1675.0,['Hobbycraft'],[]
297823329.0,11,18425.0,1675.0,1675.0,['Hobby Lobby'],[]
298000165.0,12,50004.0,4167.0,4167.0,['Selfridges'],[]
298007503.0,11,18832.0,1712.0,1712.0,['Happy Days Home'],[]
299652176.0,12,7800.0,650.0,650.0,[],[898104045.0]
299871610.0,15,12250.0,770.0,816.6666666666666,[],[857754342.0]
300095518.0,12,5280.0,440.0,440.0,[],[957821152.0]
303843160.0,12,21900.0,1825.0,1825.0,['Selfridges'],[]
304455868.0,11,17556.0,1596.0,1596.0,['Happy Days Home'],[]
305778936.0,11,32098.0,2918.0,2918.0,['Remedy plus care'],[]
308068836.0,12,29664.0,2472.0,2472.0,['Lavender Primary'],[]
308505160.0,11,41250.0,3750.0,3750.0,['Boots'],[]
308897841.0,11,22000.0,2000.0,2000.0,['Matalan'],[]
310375875.0,21,23130.0,580.0,1101.4285714285713,['Sainsbury'],[903663593.0]
310620484.0,16,10950.0,650.0,684.375,[],[137913631.0]
310740977.0,12,12500.0,1110.0,1041.6666666666667,[],[366477356.0]
311467864.0,14,5250.0,410.0,375.0,[],[426466211.0]
314980178.0,12,34265.25,3087.75,2855.4375,['CPA'],[903953091.0]
315078351.0,12,37551.0,3331.0,3129.25,['LBG'],[701070224.0]
315546581.0,11,43879.0,3989.0,3989.0,['LBG'],[]
316793091.0,11,25245.0,2295.0,2295.0,['Vision Express'],[]
321372947.0,12,20328.0,1694.0,1694.0,['Westport Care Home'],[]
322221939.0,12,32328.0,2694.0,2694.0,['Fat Face'],[]
322720763.0,12,21852.0,1821.0,1821.0,['Premier Finance'],[]
324046160.0,12,24000.0,2000.0,2000.0,['Selfridges'],[]
324224854.0,11,32670.0,2970.0,2970.0,['Hobbycraft'],[]
329840194.0,14,21848.0,1819.0,1560.5714285714287,['Westport Care Home'],[713057426.0]
331048953.0,16,12830.0,920.0,801.875,[],[758885184.0]
331450202.0,11,33965.25,3087.75,3087.75,['CPA'],[]
331684336.0,11,21450.0,1950.0,1950.0,['Head'],[]
333054026.0,14,14640.0,1170.0,1045.7142857142858,[],[690523499.0]
335698481.0,1,1010.0,1010.0,1010.0,[],[519933553.0]
336171116.0,14,31830.0,2780.0,2273.5714285714284,['Stitch By Stitch'],[973388795.0]
336557504.0,12,34099.92,2841.66,2841.66,['Lavender Primary'],[]
338022396.0,12,24999.600000000002,2083.3,2083.3,['Kings Arms'],[]
340295966.0,11,17424.0,1584.0,1584.0,['Happy Days Home'],[]
340321732.0,12,30214.0,2694.0,2517.8333333333335,['Matalan'],[904154012.0]
344219145.0,11,30580.0,2780.0,2780.0,['Hobbycraft'],[]
344843570.0,12,7680.0,640.0,640.0,[],[138969884.0]
345514953.0,12,28842.0,2602.0,2403.5,['Lloyds Pharmacy'],[969804197.0]
345582855.0,12,18510.0,1542.5,1542.5,['Craftastic'],[]
346874167.0,12,8760.0,730.0,730.0,[],[724537117.0]
347110339.0,12,5400.0,450.0,450.0,[],[625281433.0]
348325817.0,11,45837.0,4167.0,4167.0,['Matalan'],[]
348460748.0,11,7260.0,660.0,660.0,[],[982949451.0]
348525881.0,5,9930.0,2270.0,1986.0,[],[752362502.0]
349107386.0,1,160.0,160.0,160.0,[],[343251213.0]
349614277.0,11,22913.0,2083.0,2083.0,['CPA'],[]
350921975.0,12,22110.0,1842.5,1842.5,['Brilliant Brushes'],[]
352291960.0,11,21450.0,1950.0,1950.0,['Head'],[]
352899149.0,11,16250.0,1584.0,1477.2727272727273,['Happy Days Home'],[119943495.0]
354894456.0,11,18634.0,1694.0,1694.0,['Happy Days Home'],[]
355602925.0,12,9960.0,830.0,830.0,[],[152488934.0]
355733816.0,12,28310.0,2500.0,2359.1666666666665,['Matalan'],[678330503.0]
355940285.0,14,48079.96,3333.33,3434.282857142857,['Pets Corner'],[766941757.0]
357651163.0,12,19500.0,1625.0,1625.0,['Rose & Crown'],[]
358836279.0,15,9440.0,740.0,629.3333333333334,[],[630691258.0]
358846516.0,12,36960.0,3080.0,3080.0,['Green Park Academy'],[]
361201224.0,11,41239.0,3749.0,3749.0,['Halifax'],[]
361955473.0,12,30000.0,2500.0,2500.0,['Premier Finance'],[]
364357875.0,22,30510.0,1842.5,1386.8181818181818,['Cass Art'],[833499132.0]
364396689.0,12,4940.0,420.0,411.6666666666667,[],[218795010.0]
365608668.0,11,20163.0,1833.0,1833.0,['LBG'],[]
366477356.0,11,36663.0,3333.0,3333.0,['Lloyds Pharmacy'],[]
366550080.0,12,50004.0,4167.0,4167.0,['Fat Face'],[]
370521542.0,11,52569.0,4779.0,4779.0,['University College Hospital'],[]
370757362.0,12,20100.0,1675.0,1675.0,['Craftastic'],[]
373163757.0,11,40557.0,3687.0,3687.0,['LBG'],[]
373875019.0,11,28622.0,2602.0,2602.0,['Boots'],[]
376271050.0,12,34999.2,2916.6,2916.6,['Pets Corner'],[]
380228542.0,11,20267.5,1842.5,1842.5,['Cass Art'],[]
380911501.0,13,4900.0,390.0,376.9230769230769,[],[424927189.0]
382862215.0,11,4620.0,420.0,420.0,[],[215832575.0]
383345285.0,7,2880.0,430.0,411.42857142857144,[],[535744551.0]
383625050.0,12,31777.199999999997,2648.1,2648.1,['Lavender Primary'],[]
383833857.0,11,52569.0,4779.0,4779.0,['Remedy plus care'],[]
384497904.0,12,5160.0,430.0,430.0,[],[119993184.0]
385685918.0,11,27500.0,2500.0,2500.0,[],[520239952.0]
386277162.0,11,29942.0,2722.0,2722.0,['Grand Union BJJ'],[]
386729293.0,11,61886.0,5626.0,5626.0,['Halifax'],[]
388862238.0,11,20009.0,1819.0,1819.0,['Happy Days Home'],[]
390747457.0,12,22999.199999999997,1916.6,1916.5999999999997,['Costa Coffee'],[]
391559884.0,11,7150.0,650.0,650.0,[],[386729293.0]
391688371.0,11,16967.5,1542.5,1542.5,['Hobby Lobby'],[]
392270893.0,12,24000.0,2000.0,2000.0,['Fat Face'],[]
395284483.0,11,18205.0,1655.0,1655.0,['Gamestation'],[]
398429109.0,13,32113.0,2773.0,2470.230769230769,['Head'],[961077907.0]
399144202.0,11,20163.0,1833.0,1833.0,['Fitted Stitch'],[]
399538448.0,12,20100.0,1675.0,1675.0,['Craftastic'],[]
401293808.0,12,7800.0,650.0,650.0,[],[357651163.0]
402438092.0,11,18425.0,1675.0,1675.0,['Hobbycraft'],[]
403383649.0,12,19450.0,1680.0,1620.8333333333333,['CeX'],[910730524.0]
403902116.0,12,28642.0,2602.0,2386.8333333333335,['Lloyds Pharmacy'],[433837402.0]
405416860.0,11,20267.5,1842.5,1842.5,['Pets Corner'],[]
405945930.0,11,17875.0,1625.0,1625.0,['Halifax'],[]
406862520.0,12,8040.0,670.0,670.0,[],[509627909.0]
407574996.0,24,34908.0,1454.5,1454.5,['Fat Face'],[172084472.0]
408057540.0,12,34099.92,2841.66,2841.66,['Green Park Academy'],[]
409370545.0,12,21540.0,1910.0,1795.0,[],[285220959.0]
409971170.0,11,18766.0,1706.0,1706.0,['Happy Days Home'],[]
412823730.0,12,9360.0,780.0,780.0,[],[754141345.0]
413557825.0,20,9480.0,580.0,474.0,[],[169689461.0]
414454079.0,18,28090.0,1650.0,1560.5555555555557,[],[134847904.0]
414805878.0,12,37053.0,3087.75,3087.75,['Premier Finance'],[]
416060965.0,11,25234.0,2294.0,2294.0,['Vision Express'],[]
417850087.0,11,34375.0,3125.0,3125.0,['CPA'],[]
419084831.0,12,20100.0,1675.0,1675.0,['Kings Arms'],[]
419550103.0,12,31777.199999999997,2648.1,2648.1,['Sunny Care Nursery'],[]
420109571.0,12,33360.0,2780.0,2780.0,['North Face'],[]
421475159.0,11,4290.0,390.0,390.0,[],[651372390.0]
421881811.0,11,23650.0,2150.0,2150.0,[],[930277104.0]
422955974.0,11,20267.5,1842.5,1842.5,['Brilliant Brushes'],[]
423208402.0,7,12760.0,1500.0,1822.857142857143,[],[986267641.0]
424397946.0,12,36960.0,3080.0,3080.0,['Green Park Academy'],[]
424927189.0,12,20100.0,1675.0,1675.0,['North Face'],[]
425730826.0,11,19720.0,1910.0,1792.7272727272727,[],[191631876.0]
425964226.0,12,31740.0,2780.0,2645.0,['Hobbycraft'],[587225252.0]
426466211.0,12,19441.199999999997,1620.1,1620.0999999999997,['Starbucks'],[]
427909748.0,12,19500.0,1625.0,1625.0,['Kings Arms'],[]
429235692.0,13,6210.0,520.0,477.6923076923077,[],[293191074.0]
429556122.0,13,25614.0,2264.0,1970.3076923076924,['Vision Express'],[779236304.0]
430910686.0,11,18425.0,1675.0,1675.0,['CeX'],[]
433837402.0,11,11440.0,1040.0,1040.0,[],[403902116.0]
433917275.0,12,36960.0,3080.0,3080.0,['Lavender Primary'],[]
435313070.0,12,24552.0,2046.0,2046.0,['Fat Face'],[]
435984758.0,11,24750.0,2250.0,2250.0,['LBG'],[]
441142605.0,11,12320.0,1120.0,1120.0,[],[741903302.0]
441274121.0,11,38049.0,3459.0,3459.0,['Halifax'],[]
442070890.0,12,31777.199999999997,2648.1,2648.1,['Lavender Primary'],[]
442079728.0,12,7800.0,650.0,650.0,[],[455831435.0]
444371478.0,12,5650.0,510.0,470.8333333333333,[],[834581602.0]
444428189.0,14,26396.0,2046.0,1885.4285714285713,['Matalan'],[670102069.0]
445240363.0,4,1430.0,275.0,357.5,[],[742223719.0]
446720287.0,17,12060.0,920.0,709.4117647058823,[],[574548998.0]
448004226.0,19,14120.0,770.0,743.1578947368421,[],[627622066.0]
448279144.0,12,19008.0,1584.0,1584.0,['Westport Care Home'],[]
449387287.0,16,12050.0,920.0,753.125,[],[316793091.0]
449871732.0,11,31570.0,2870.0,2870.0,['Jollyes'],[]
450896297.0,11,64163.0,5833.0,5833.0,['Halifax'],[]
452974357.0,19,29213.0,2273.0,1537.5263157894738,['Boots'],[149684419.0]
454129843.0,12,36960.0,3080.0,3080.0,['Green Park Academy'],[]
454356905.0,12,28500.0,2375.0,2375.0,['Fitted Stitch'],[]
455052690.0,13,15580.0,1280.0,1198.4615384615386,[],[630468201.0]
455831435.0,14,19891.199999999997,1620.1,1420.7999999999997,['Costa Coffee'],[442079728.0]
456221621.0,12,20100.0,1675.0,1675.0,['Tesco'],[]
456246119.0,24,32319.600000000002,1346.65,1346.65,['Kings Arms'],[489964679.0]
460463595.0,13,9850.0,710.0,757.6923076923077,[],[135937041.0]
461029994.0,11,30503.0,2773.0,2773.0,['Head'],[]
461990622.0,11,38962.0,3542.0,3542.0,['LBG'],[]
462962606.0,7,19780.0,2610.0,2825.714285714286,[],[679943657.0]
466649401.0,11,28600.0,2600.0,2600.0,['Lloyds Pharmacy'],[]
467207141.0,14,22100.0,1660.0,1578.5714285714287,['North Face'],[215311171.0]
469330905.0,12,15240.0,1270.0,1270.0,[],[920830317.0]
469561218.0,11,4290.0,390.0,390.0,[],[859264768.0]
471897866.0,12,29664.0,2472.0,2472.0,['Green Park Academy'],[]
472213568.0,12,23400.0,1950.0,1950.0,['Barbiee Boutique'],[]
472995101.0,12,39999.96,3333.33,3333.33,['Pets Corner'],[]
473820682.0,11,34386.0,3126.0,3126.0,['University College Hospital'],[]
474301748.0,3,4340.0,1320.0,1446.6666666666667,[],[519935524.0]
475117511.0,11,22000.0,2000.0,2000.0,['Fitted Stitch'],[]
475277431.0,16,29070.0,1625.0,1816.875,['Rose & Crown'],[454356905.0]
477216513.0,11,18425.0,1675.0,1675.0,['Sainsbury'],[]
478412511.0,13,32340.0,1675.0,2487.6923076923076,['Craftastic'],[143003091.0]
478651121.0,16,23170.0,1675.0,1448.125,['Tesco'],[779376323.0]
478986718.0,11,22462.0,2042.0,2042.0,['CPA'],[]
479366718.0,13,34186.0,2773.0,2629.6923076923076,['Barbiee Boutique'],[899742927.0]
479456865.0,11,34683.88,3153.08,3153.08,['Head'],[]
480198977.0,11,32098.0,2918.0,2918.0,['Remedy plus care'],[]
480557476.0,11,40216.0,3656.0,3656.0,['Grand Union BJJ'],[]
482513594.0,11,30690.0,2790.0,2790.0,['Collector Cave'],[]
486495235.0,10,28700.0,2870.0,2870.0,['Jollyes'],[]
487051121.0,12,29664.0,2472.0,2472.0,['Lavender Primary'],[]
489964679.0,12,63513.600000000006,5292.8,5292.8,['Sunny Care Nursery'],[]
490790931.0,12,19500.0,1625.0,1625.0,['Rose & Crown'],[]
490868147.0,12,8160.0,680.0,680.0,[],[154246234.0]
491392945.0,11,33965.25,3087.75,3087.75,['CPA'],[]
492058070.0,22,33504.0,1694.0,1522.909090909091,['Happy Days Home'],[492215823.0]
492215823.0,22,33385.0,1517.5,1517.5,['Stitch By Stitch'],[492058070.0]
492850697.0,13,9730.0,800.0,748.4615384615385,[],[644751433.0]
494156462.0,7,7290.0,1090.0,1041.4285714285713,[],[308068836.0]
494156986.0,11,20267.5,1842.5,1842.5,['Jollyes'],[]
494404688.0,2,910.0,455.0,455.0,[],[521611005.0]
494789005.0,12,20867.04,1738.92,1738.92,['Lavender Fields'],[]
494977194.0,11,18425.0,1675.0,1675.0,['Stitch By Stitch'],[]
496395938.0,12,34099.92,2841.66,2841.66,['Green Park Academy'],[]
496674181.0,8,6670.0,1075.0,833.75,[],[151916463.0]
496865819.0,11,7150.0,650.0,650.0,[],[466649401.0]
497772347.0,15,14810.0,1020.0,987.3333333333334,[],[674558824.0]
497809732.0,16,28610.0,1695.0,1788.125,['Fitted Stitch'],[836110591.0]
499244466.0,12,19441.199999999997,1620.1,1620.0999999999997,['Starbucks'],[]
499410772.0,12,20544.0,1712.0,1712.0,['Westport Care Home'],[]
500043411.0,12,38856.0,3238.0,3238.0,['Premier Finance'],[]
500051919.0,5,7140.0,1470.0,1428.0,[],[503575533.0]
500843551.0,13,31700.0,2870.0,2438.4615384615386,['Pets at Home'],[868099733.0]
503575533.0,12,41480.0,3750.0,3456.6666666666665,['Remedy plus care'],[500051919.0]
504055745.0,12,20544.0,1712.0,1712.0,['Westport Care Home'],[]
506618547.0,11,57222.0,5202.0,5202.0,['Halifax'],[]
508518911.0,11,10120.0,920.0,920.0,[],[373163757.0]
509627909.0,12,20100.0,1675.0,1675.0,['Tesco'],[]
510101371.0,11,30580.0,2780.0,2780.0,['Stitch By Stitch'],[]
511179916.0,11,25047.0,2277.0,2277.0,['LBG'],[]
512989907.0,4,1380.0,315.0,345.0,[],[652048867.0]
514362267.0,12,25320.0,2110.0,2110.0,[],[124125096.0]
516051449.0,13,21880.0,1675.0,1683.076923076923,['Tesco'],[352291960.0]
517190750.0,12,31777.199999999997,2648.1,2648.1,['Green Park Academy'],[]
517934629.0,2,4630.0,2315.0,2315.0,[],[851181128.0]
518378868.0,13,1570.0,120.0,120.76923076923077,[],[691012931.0]
518466565.0,12,17956.0,1596.0,1496.3333333333333,['Happy Days Home'],[688712152.0]
518474507.0,13,41419.0,3749.0,3186.076923076923,['LBG'],[435313070.0]
518746136.0,14,7130.0,460.0,509.2857142857143,[],[629078930.0]
519644021.0,12,24999.600000000002,2083.3,2083.3,['Rose & Crown'],[]
519649533.0,11,18425.0,1675.0,1675.0,['CeX'],[]
519933553.0,12,18510.0,1542.5,1542.5,['Craftastic'],[]
519935524.0,12,20100.0,1675.0,1675.0,['Craftastic'],[]
520239952.0,13,35425.0,3125.0,2725.0,['CPA'],[385685918.0]
520418719.0,12,32277.0,2917.0,2689.75,['LBG'],[165045150.0]
520447032.0,12,32328.0,2694.0,2694.0,['Fitted Stitch'],[]
521611005.0,12,18510.0,1542.5,1542.5,['Craftastic'],[]
522188082.0,12,33360.0,2780.0,2780.0,['Tesco'],[]
524425303.0,11,18425.0,1675.0,1675.0,['Hobbycraft'],[]
525524239.0,5,2690.0,410.0,538.0,[],[558875206.0]
527842638.0,11,18425.0,1675.0,1675.0,['Sainsbury'],[]
531186970.0,5,20780.0,4140.0,4156.0,[],[905860285.0]
532478725.0,12,21900.0,1825.0,1825.0,['Selfridges'],[]
532525712.0,1,2470.0,2470.0,2470.0,[],[675806859.0]
534097839.0,5,5180.0,700.0,1036.0,[],[391688371.0]
534204159.0,12,23870.0,2000.0,1989.1666666666667,['Matalan'],[994214354.0]
534325901.0,11,28600.0,2600.0,2600.0,['Boots'],[]
534583529.0,11,18425.0,1675.0,1675.0,['Hobbycraft'],[]
534908754.0,12,20472.0,1706.0,1706.0,['Westport Care Home'],[]
535744551.0,12,21000.0,1750.0,1750.0,['Starbucks'],[]
535804582.0,13,35230.0,2600.0,2710.0,['Lloyds Pharmacy'],[960208650.0]
536924114.0,11,20267.5,1842.5,1842.5,['Pets at Home'],[]
537487133.0,12,7080.0,590.0,590.0,[],[930271460.0]
538003940.0,13,15570.0,1250.0,1197.6923076923076,[],[147474476.0]
540159353.0,12,37498.68,3124.89,3124.89,['Pets Corner'],[]
541639148.0,11,17556.0,1596.0,1596.0,['Westport Care Home'],[]
544961962.0,10,19430.0,1943.0,1943.0,['Happy Days Home'],[]
546296727.0,16,10670.0,720.0,666.875,[],[486495235.0]
547010927.0,11,48125.0,4375.0,4375.0,['University College Hospital'],[]
548907062.0,17,14570.0,690.0,857.0588235294117,[],[865748375.0]
549414742.0,12,32328.0,2694.0,2694.0,['Selfridges'],[]
550169791.0,11,52569.0,4779.0,4779.0,['Remedy plus care'],[]
550644516.0,11,17821.1,1620.1,1620.1,['Costa Coffee'],[]
550832673.0,11,28611.0,2601.0,2601.0,['Boots'],[]
551196328.0,11,20075.0,1825.0,1825.0,['Matalan'],[]
551755686.0,12,18695.0,1685.0,1557.9166666666667,['CeX'],[646309526.0]
552980092.0,11,7370.0,670.0,670.0,[],[766692943.0]
553734946.0,11,21450.0,1950.0,1950.0,['Head'],[]
554792076.0,11,48125.0,4375.0,4375.0,['Remedy plus care'],[]
555393405.0,11,21373.0,1943.0,1943.0,['Happy Days Home'],[]
555804115.0,11,16967.5,1542.5,1542.5,['Hobbycraft'],[]
556631012.0,14,10420.0,830.0,744.2857142857143,[],[282102606.0]
556992209.0,10,33330.0,3333.0,3333.0,['Lloyds Pharmacy'],[]
558119802.0,11,64163.0,5833.0,5833.0,['LBG'],[]
558875206.0,12,34875.0,3125.0,2906.25,['CPA'],[525524239.0]
559995067.0,11,33965.25,3087.75,3087.75,['CPA'],[]
564214408.0,12,20100.0,1675.0,1675.0,['Rose & Crown'],[]
564744955.0,11,18425.0,1675.0,1675.0,['Sainsbury'],[]
565175333.0,13,20448.0,1694.0,1572.923076923077,['Westport Care Home'],[168414279.0]
567499591.0,12,18510.0,1542.5,1542.5,['Craftastic'],[]
570269025.0,12,24000.0,2000.0,2000.0,['Fitted Stitch'],[]
570323670.0,11,15730.0,1430.0,1430.0,[],[585133606.0]
570410059.0,12,20100.0,1675.0,1675.0,['A Yarn Story'],[]
570575024.0,11,18535.0,1685.0,1685.0,['Gamestation'],[]
572136270.0,11,19128.120000000003,1738.92,1738.9200000000003,['Green Park'],[]
572384506.0,23,35193.0,1390.0,1530.1304347826087,['Collector Cave'],[647936800.0]
574548998.0,11,27500.0,2500.0,2500.0,['CPA'],[]
575652395.0,13,21100.0,1610.0,1623.076923076923,[],[134461671.0]
576188756.0,2,3980.0,1990.0,1990.0,[],[585625048.0]
578131296.0,16,9470.0,710.0,591.875,[],[336557504.0]
581618317.0,11,16967.5,1542.5,1542.5,['Hobby Lobby'],[]
581655972.0,12,69996.0,5833.0,5833.0,['Premier Finance'],[]
583558311.0,15,10210.0,770.0,680.6666666666666,[],[673818591.0]
583579399.0,11,18425.0,1675.0,1675.0,['Stitch By Stitch'],[]
585133606.0,11,41250.0,3750.0,3750.0,['University College Hospital'],[]
585596026.0,14,35990.0,2500.0,2570.714285714286,['Premier Finance'],[287480331.0]
585625048.0,12,20100.0,1675.0,1675.0,['Craftastic'],[]
586041848.0,14,16330.0,1090.0,1166.4285714285713,[],[639549973.0]
586315521.0,12,35640.0,2970.0,2970.0,['Craftastic'],[]
587202562.0,14,33550.0,2780.0,2396.4285714285716,['Craftastic'],[261793952.0]
587225252.0,22,30800.0,1400.0,1400.0,['Matalan'],[425964226.0]
588565416.0,11,29634.0,2694.0,2694.0,['Matalan'],[]
592961759.0,12,21227.5,1842.5,1768.9583333333333,['Pets at Home'],[761272540.0]
593191200.0,21,14930.0,770.0,710.952380952381,[],[454129843.0]
593378953.0,12,37336.63,3333.33,3111.3858333333333,['Jollyes'],[985188462.0]
595800644.0,11,4290.0,390.0,390.0,[],[581618317.0]
596171893.0,13,11590.0,930.0,891.5384615384615,[],[713910252.0]
596328017.0,12,17855.0,1545.0,1487.9166666666667,['Vision Express'],[669503912.0]
596463612.0,11,14140.0,1400.0,1285.4545454545455,[],[427909748.0]
598793068.0,11,18425.0,1675.0,1675.0,['Hobby Lobby'],[]
600585971.0,12,5160.0,430.0,430.0,[],[499410772.0]
601627384.0,11,17556.0,1596.0,1596.0,['Happy Days Home'],[]
603375739.0,12,20100.0,1675.0,1675.0,['Craftastic'],[]
603721739.0,12,22110.0,1842.5,1842.5,['Brilliant Brushes'],[]
604288474.0,12,24999.600000000002,2083.3,2083.3,['The Crown'],[]
604334058.0,11,18205.0,1655.0,1655.0,['CeX'],[]
605116158.0,12,19441.199999999997,1620.1,1620.0999999999997,['Costa Coffee'],[]
605711527.0,13,9550.0,660.0,734.6153846153846,[],[442070890.0]
607629901.0,11,17875.0,1625.0,1625.0,['LBG'],[]
609939116.0,23,29932.0,1706.0,1301.391304347826,['Westport Care Home'],[627917561.0]
610450243.0,11,18425.0,1675.0,1675.0,['CeX'],[]
610645022.0,12,19728.0,1644.0,1644.0,['North Face'],[]
611143859.0,12,36576.0,3126.0,3048.0,['Remedy plus care'],[173335108.0]
613427466.0,11,18425.0,1675.0,1675.0,['Hobby Lobby'],[]
613729471.0,11,36663.0,3333.0,3333.0,['Lloyds Pharmacy'],[]
615144184.0,13,9170.0,730.0,705.3846153846154,[],[274818272.0]
616924659.0,12,33360.0,2780.0,2780.0,['North Face'],[]
618138606.0,11,30470.0,2770.0,2770.0,['Hobbycraft'],[]
618514666.0,11,41250.0,3750.0,3750.0,['Boots'],[]
621181115.0,11,6930.0,630.0,630.0,[],[555393405.0]
621652856.0,12,20100.0,1675.0,1675.0,['Kings Arms'],[]
623156843.0,11,32098.0,2918.0,2918.0,['University College Hospital'],[]
624500124.0,12,21900.0,1825.0,1825.0,['Fat Face'],[]
624563756.0,11,20031.0,1821.0,1821.0,['CPA'],[]
625281433.0,12,21828.0,1819.0,1819.0,['Westport Care Home'],[]
625658193.0,6,9320.0,920.0,1553.3333333333333,[],[888068521.0]
626989363.0,12,31777.199999999997,2648.1,2648.1,['Lavender Primary'],[]
627622066.0,12,36960.0,3080.0,3080.0,['Sunny Care Nursery'],[]
627723633.0,6,4750.0,650.0,791.6666666666666,[],[886837068.0]
627917561.0,12,30078.0,2708.0,2506.5,['CPA'],[609939116.0]
627936697.0,11,24904.0,2264.0,2264.0,['Vision Express'],[]
628470485.0,12,20100.0,1675.0,1675.0,['Selfridges'],[]
629078930.0,11,20163.0,1833.0,1833.0,['Halifax'],[]
630468201.0,12,19152.0,1596.0,1596.0,['Westport Care Home'],[]
630691258.0,12,22110.0,1842.5,1842.5,['Brilliant Brushes'],[]
631111289.0,11,18425.0,1675.0,1675.0,['Gamestation'],[]
632065391.0,6,4740.0,460.0,790.0,[],[544961962.0]
633345190.0,12,36960.0,3080.0,3080.0,['Sunny Care Nursery'],[]
637433131.0,12,20472.0,1706.0,1706.0,['Westport Care Home'],[]
637649383.0,12,19920.0,1810.0,1660.0,[],[887156614.0]
639409800.0,11,61886.0,5626.0,5626.0,['LBG'],[]
639420537.0,13,19285.0,1675.0,1483.4615384615386,['Matalan'],[980500334.0]
639549973.0,12,48805.0,4375.0,4067.0833333333335,['Remedy plus care'],[586041848.0]
641376155.0,12,7800.0,650.0,650.0,[],[499244466.0]
641764023.0,11,18425.0,1675.0,1675.0,['Sainsbury'],[]
642015139.0,15,7720.0,480.0,514.6666666666666,[],[342188343.0]
642924505.0,12,20100.0,1675.0,1675.0,['Fat Face'],[]
644751433.0,12,24000.0,2000.0,2000.0,['Selfridges'],[]
647472692.0,11,52569.0,4779.0,4779.0,['University College Hospital'],[]
647936800.0,14,42939.92,2841.66,3067.137142857143,['Green Park Academy'],[572384506.0]
648644594.0,10,20210.0,2021.0,2021.0,['Head'],[]
651372390.0,11,16967.5,1542.5,1542.5,['Hobbycraft'],[]
651756497.0,11,48125.0,4375.0,4375.0,['CPA'],[]
652048867.0,11,18425.0,1675.0,1675.0,['Sainsbury'],[]
653640811.0,12,34099.92,2841.66,2841.66,['Lavender Primary'],[]
653667523.0,22,23470.0,560.0,1066.8181818181818,['Collector Cave'],[939972497.0]
654329190.0,13,33596.0,2773.0,2584.3076923076924,['Barbiee Boutique'],[857997794.0]
655368335.0,12,19500.0,1625.0,1625.0,['The Crown'],[]
655730067.0,11,4290.0,390.0,390.0,[],[812839908.0]
656317661.0,11,16995.0,1545.0,1545.0,['Vision Express'],[]
656389634.0,1,3440.0,3440.0,3440.0,[],[449871732.0]
656781737.0,6,5500.0,790.0,916.6666666666666,[],[720742759.0]
656812046.0,11,25300.0,2300.0,2300.0,['Green Park Academy'],[]
657139925.0,11,38335.0,3485.0,3485.0,['Remedy plus care'],[]
657528784.0,18,8970.0,630.0,498.3333333333333,[],[971010829.0]
659415300.0,11,41250.0,3750.0,3750.0,['Remedy plus care'],[]
660561861.0,20,20390.0,1270.0,1019.5,[],[698955014.0]
660874296.0,12,36960.0,3080.0,3080.0,['Lavender Primary'],[]
661295096.0,12,20100.0,1675.0,1675.0,['The Crown'],[]
662610817.0,12,6240.0,520.0,520.0,[],[416074215.0]
663479159.0,13,26600.0,1750.0,2046.1538461538462,['Costa Coffee'],[802697323.0]
666952234.0,14,6850.0,500.0,489.2857142857143,[],[776431321.0]
667367404.0,11,34386.0,3126.0,3126.0,['Halifax'],[]
668175891.0,20,15550.0,1110.0,777.5,[],[833899961.0]
668329719.0,11,30580.0,2780.0,2780.0,['Sainsbury'],[]
668692488.0,11,27500.0,2500.0,2500.0,['CPA'],[]
669503912.0,11,2530.0,230.0,230.0,[],[596328017.0]
670102069.0,12,19445.0,1685.0,1620.4166666666667,['Collector Cave'],[444428189.0]
670427480.0,12,44227.0,3957.0,3685.5833333333335,['Halifax'],[223207876.0]
671824917.0,1,30.0,30.0,30.0,[],[477605170.0]
672913754.0,13,31090.0,2780.0,2391.5384615384614,['Sainsbury'],[235881534.0]
672994751.0,11,18425.0,1675.0,1675.0,['Sainsbury'],[]
673025413.0,13,37290.0,3300.0,2868.4615384615386,[],[990461108.0]
673818591.0,12,24000.0,2000.0,2000.0,['Selfridges'],[]
675231808.0,11,35618.0,3238.0,3238.0,['CPA'],[]
675398089.0,12,14925.599999999999,1243.8,1243.8,['A Cut Above'],[]
675806859.0,11,30580.0,2780.0,2780.0,['Sainsbury'],[]
678330503.0,23,26268.0,1584.0,1142.0869565217392,['Westport Care Home'],[355733816.0]
678726554.0,13,10580.0,860.0,813.8461538461538,[],[487051121.0]
678851253.0,11,25223.0,2293.0,2293.0,['Vision Express'],[]
679662108.0,12,53329.0,4779.0,4444.083333333333,['Remedy plus care'],[943329213.0]
679911053.0,12,20472.0,1706.0,1706.0,['Westport Care Home'],[]
679943657.0,11,32098.0,2918.0,2918.0,['University College Hospital'],[]
680773155.0,12,20472.0,1706.0,1706.0,['Westport Care Home'],[]
681955876.0,11,14740.0,1340.0,1340.0,[],[197050303.0]
683078800.0,10,31260.0,3126.0,3126.0,['LBG'],[]
683319988.0,11,25234.0,2294.0,2294.0,['Vision Express'],[]
684988568.0,12,20100.0,1675.0,1675.0,['Tesco'],[]
685959099.0,11,19106.120000000003,1736.92,1736.9200000000003,['Lavender Fields'],[]
687135796.0,11,52569.0,4779.0,4779.0,['University College Hospital'],[]
688328251.0,11,18832.0,1712.0,1712.0,['Happy Days Home'],[]
688712152.0,12,28500.0,2375.0,2375.0,['Selfridges'],[]
690523499.0,14,32717.0,2917.0,2336.9285714285716,['LBG'],[333054026.0]
690958123.0,11,38049.0,3459.0,3459.0,['LBG'],[]
691012931.0,12,19008.0,1584.0,1584.0,['Westport Care Home'],[]
691789577.0,15,25512.0,2021.0,1700.8,['A Cut Above'],[160166876.0]
695607232.0,12,7800.0,650.0,650.0,[],[915666111.0]
696333897.0,11,20267.5,1842.5,1842.5,['Jollyes'],[]
697140785.0,11,4620.0,420.0,420.0,[],[799453072.0]
698076160.0,12,20100.0,1675.0,1675.0,['North Face'],[]
698955014.0,12,37053.0,3087.75,3087.75,['Premier Finance'],[]
699139822.0,12,19152.0,1596.0,1596.0,['Westport Care Home'],[]
699313649.0,1,330.0,330.0,330.0,[],[820142214.0]
699997811.0,12,39182.0,3542.0,3265.1666666666665,['Halifax'],[186777560.0]
700138124.0,11,32098.0,2918.0,2918.0,['Remedy plus care'],[]
701070224.0,7,9340.0,1250.0,1334.2857142857142,[],[315078351.0]
703478110.0,12,32617.0,2917.0,2718.0833333333335,['Halifax'],[837876918.0]
703537476.0,16,16180.0,1250.0,1011.25,[],[854513972.0]
703588001.0,12,32658.0,2918.0,2721.5,['University College Hospital'],[923322792.0]
704517789.0,12,33360.0,2780.0,2780.0,['A Yarn Story'],[]
705848712.0,12,63513.600000000006,5292.8,5292.8,['Green Park Academy'],[]
706250160.0,11,38962.0,3542.0,3542.0,['Halifax'],[]
706301742.0,1,40.0,40.0,40.0,[],[300290430.0]
706361191.0,13,11920.0,940.0,916.9230769230769,[],[897714622.0]
709142813.0,12,4920.0,410.0,410.0,[],[855129444.0]
709151315.0,15,11720.0,890.0,781.3333333333334,[],[361955473.0]
709608057.0,12,24000.0,2000.0,2000.0,['Selfridges'],[]
709632525.0,11,24750.0,2250.0,2250.0,['Halifax'],[]
709935470.0,11,7370.0,670.0,670.0,[],[434554820.0]
711045550.0,19,32121.199999999997,1620.1,1690.5894736842104,['Costa Coffee'],[408057540.0]
711140907.0,12,4920.0,410.0,410.0,[],[256045540.0]
713057426.0,9,11020.0,1160.0,1224.4444444444443,[],[329840194.0]
713641917.0,12,15444.0,1287.0,1287.0,['Selfridges'],[]
713910252.0,15,38310.0,3080.0,2554.0,['Lavender Primary'],[596171893.0]
715068825.0,3,7430.0,2570.0,2476.6666666666665,[],[199016328.0]
718058208.0,12,18640.0,1500.0,1553.3333333333333,[],[361201224.0]
719586818.0,11,57222.0,5202.0,5202.0,['LBG'],[]
719742742.0,12,7800.0,650.0,650.0,[],[142791593.0]
720742759.0,12,20328.0,1694.0,1694.0,['Westport Care Home'],[]
721393911.0,2,450.0,225.0,225.0,[],[380228542.0]
722358036.0,16,24820.0,1675.0,1551.25,['A Yarn Story'],[128033695.0]
722971557.0,12,20100.0,1675.0,1675.0,['Craftastic'],[]
724537117.0,12,21828.0,1819.0,1819.0,['Westport Care Home'],[]
726913482.0,14,9430.0,740.0,673.5714285714286,[],[257633312.0]
727417797.0,9,13882.5,1542.5,1542.5,['Hobby Lobby'],[]
730002588.0,11,43527.0,3957.0,3957.0,['Halifax'],[]
734161378.0,13,20390.0,1695.0,1568.4615384615386,['Fat Face'],[549638257.0]
736310094.0,12,15444.0,1287.0,1287.0,['Fat Face'],[]
736340277.0,12,29664.0,2472.0,2472.0,['Lavender Primary'],[]
737537711.0,12,8280.0,690.0,690.0,[],[137822385.0]
737547541.0,12,19275.0,1675.0,1606.25,['Kings Arms'],[405945930.0]
738958551.0,11,25003.0,2273.0,2273.0,['Lloyds Pharmacy'],[]
741269136.0,16,38790.0,2300.0,2424.375,['Green Park Academy'],[146909202.0]
741903302.0,11,32098.0,2918.0,2918.0,['University College Hospital'],[]
742223719.0,12,19008.0,1584.0,1584.0,['Westport Care Home'],[]
743630833.0,15,22900.0,1675.0,1526.6666666666667,['A Yarn Story'],[603375739.0]
744398361.0,12,16080.0,1340.0,1340.0,[],[820686957.0]
744968736.0,12,19008.0,1584.0,1584.0,['Westport Care Home'],[]
749378808.0,12,22800.0,1900.0,1900.0,['Fat Face'],[]
750094757.0,11,18480.0,1680.0,1680.0,['Gamestation'],[]
752362502.0,11,48125.0,4375.0,4375.0,['CPA'],[]
754141345.0,14,23626.0,1943.0,1687.5714285714287,['Westport Care Home'],[412823730.0]
757115616.0,11,18645.0,1695.0,1695.0,['Matalan'],[]
758160963.0,11,30690.0,2790.0,2790.0,['Gamestation'],[]
758885184.0,12,27600.0,2300.0,2300.0,['Lavender Primary'],[]
760704118.0,12,24999.600000000002,2083.3,2083.3,['The Crown'],[]
760753808.0,11,20900.0,1900.0,1900.0,[],[638384983.0]
761272540.0,11,8140.0,740.0,740.0,[],[592961759.0]
762700245.0,12,20100.0,1675.0,1675.0,['Tesco'],[]
762785862.0,11,12870.0,1170.0,1170.0,[],[880546403.0]
762859681.0,4,8800.0,2005.0,2200.0,[],[506618547.0]
762896656.0,24,13720.0,720.0,571.6666666666666,[],[197865285.0]
764450279.0,11,34386.0,3126.0,3126.0,['Remedy plus care'],[]
766692943.0,11,18425.0,1675.0,1675.0,['Collector Cave'],[]
766812921.0,11,18425.0,1675.0,1675.0,['Stitch By Stitch'],[]
766941757.0,23,33185.0,1230.0,1442.8260869565217,['Stitch By Stitch'],[355940285.0]
767447966.0,12,20100.0,1675.0,1675.0,['Tesco'],[]
768271776.0,12,23400.0,1950.0,1950.0,['A Cut Above'],[]
769311479.0,12,30633.0,2783.0,2552.75,['Collector Cave'],[683319988.0]
769319491.0,7,17270.0,2380.0,2467.1428571428573,[],[651756497.0]
771125520.0,4,7490.0,1665.0,1872.5,[],[151968462.0]
773633520.0,13,6300.0,520.0,484.61538461538464,[],[338022396.0]
776108637.0,11,18634.0,1694.0,1694.0,['Happy Days Home'],[]
776431321.0,12,24000.0,2000.0,2000.0,['Fat Face'],[]
779236304.0,12,20435.0,1675.0,1702.9166666666667,['Hobbycraft'],[429556122.0]
779376323.0,12,20597.5,1842.5,1716.4583333333333,['Jollyes'],[478651121.0]
779620857.0,11,18425.0,1675.0,1675.0,['Sainsbury'],[]
779946617.0,11,48125.0,4375.0,4375.0,['University College Hospital'],[]
780463728.0,13,45219.0,3989.0,3478.3846153846152,['Halifax'],[235310449.0]
781554833.0,14,22130.0,1695.0,1580.7142857142858,['Selfridges'],[788740658.0]
782013626.0,12,30000.0,2500.0,2500.0,['Fitted Stitch'],[]
783650950.0,12,7800.0,650.0,650.0,[],[889916166.0]
785210466.0,12,21900.0,1825.0,1825.0,['Fitted Stitch'],[]
785749304.0,11,31570.0,2870.0,2870.0,['Pets at Home'],[]
786141370.0,12,23316.0,1943.0,1943.0,['Westport Care Home'],[]
788740658.0,11,18425.0,1675.0,1675.0,['Matalan'],[]
792845450.0,13,18590.0,1500.0,1430.0,[],[996042490.0]
793781222.0,12,21900.0,1825.0,1825.0,['Selfridges'],[]
795847804.0,11,38962.0,3542.0,3542.0,['CPA'],[]
796709231.0,11,20009.0,1819.0,1819.0,['Happy Days Home'],[]
797184978.0,11,7370.0,670.0,670.0,[],[473241864.0]
799286313.0,11,16170.0,1470.0,1470.0,[],[536924114.0]
799453072.0,12,18485.0,1675.0,1540.4166666666667,['Sainsbury'],[697140785.0]
799861885.0,12,9790.0,860.0,815.8333333333334,[],[130154096.0]
801500539.0,2,530.0,265.0,265.0,[],[713641917.0]
802697323.0,11,38962.0,3542.0,3542.0,['LBG'],[]
806358207.0,12,33600.0,2800.0,2800.0,['Selfridges'],[]
807098817.0,15,8890.0,680.0,592.6666666666666,[],[860360312.0]
807714284.0,11,16967.5,1542.5,1542.5,['Hobby Lobby'],[]
809499628.0,11,41250.0,3750.0,3750.0,['Lloyds Pharmacy'],[]
812012103.0,18,8900.0,620.0,494.44444444444446,[],[291580432.0]
812692024.0,12,22110.0,1842.5,1842.5,['Brilliant Brushes'],[]
812839908.0,11,16967.5,1542.5,1542.5,['Hobbycraft'],[]
815385232.0,11,32989.0,2999.0,2999.0,['Matalan'],[]
815993333.0,14,20750.0,1150.0,1482.142857142857,[],[992204045.0]
816685391.0,11,18425.0,1675.0,1675.0,['Tesco'],[]
817294757.0,14,20587.5,1842.5,1470.5357142857142,['Jollyes'],[254018059.0]
818552503.0,11,20267.5,1842.5,1842.5,['Pets at Home'],[]
819515373.0,12,24252.0,2021.0,2021.0,['A Cut Above'],[]
820686957.0,12,20100.0,1675.0,1675.0,['Rose & Crown'],[]
821971408.0,12,20100.0,1675.0,1675.0,['The Crown'],[]
822135975.0,12,37053.0,3087.75,3087.75,['Premier Finance'],[]
822250278.0,12,32328.0,2694.0,2694.0,['Fat Face'],[]
822718326.0,9,29997.0,3333.0,3333.0,['Boots'],[]
823208989.0,15,13970.0,940.0,931.3333333333334,[],[659415300.0]
824916823.0,11,32087.0,2917.0,2917.0,['Halifax'],[]
826597014.0,4,2140.0,250.0,535.0,[],[818552503.0]
828532554.0,12,19500.0,1625.0,1625.0,['The Crown'],[]
828750680.0,15,16450.0,1230.0,1096.6666666666667,[],[868377987.0]
829914501.0,14,21762.0,1706.0,1554.4285714285713,['Westport Care Home'],[656812046.0]
832564361.0,12,42504.0,3542.0,3542.0,['Premier Finance'],[]
833499132.0,13,30908.0,2708.0,2377.5384615384614,['Halifax'],[364357875.0]
833899961.0,12,33360.0,2780.0,2780.0,['A Yarn Story'],[]
834383043.0,12,24252.0,2021.0,2021.0,['A Cut Above'],[]
834581602.0,11,22462.0,2042.0,2042.0,['CPA'],[]
835736339.0,11,34373.79,3124.89,3124.89,['Jollyes'],[]
835829467.0,7,7520.0,1130.0,1074.2857142857142,[],[603721739.0]
836110591.0,12,27504.0,2292.0,2292.0,['Premier Finance'],[]
837876918.0,1,2420.0,2420.0,2420.0,[],[703478110.0]
838415080.0,13,12050.0,1000.0,926.9230769230769,[],[675398089.0]
838830098.0,11,14157.0,1287.0,1287.0,['Matalan'],[]
842682241.0,15,31610.0,2780.0,2107.3333333333335,['Hobby Lobby'],[242218612.0]
843174694.0,12,18286.0,1596.0,1523.8333333333333,['Happy Days Home'],[553859802.0]
843537309.0,11,16967.5,1542.5,1542.5,['Hobby Lobby'],[]
844206657.0,14,22250.0,1675.0,1589.2857142857142,['Fat Face'],[417850087.0]
844835978.0,12,31777.199999999997,2648.1,2648.1,['Green Park Academy'],[]
845648250.0,12,7000.0,600.0,583.3333333333334,[],[994947671.0]
846550094.0,11,25212.0,2292.0,2292.0,['Vision Express'],[]
849096144.0,12,19500.0,1625.0,1625.0,['Kings Arms'],[]
851181128.0,11,30470.0,2770.0,2770.0,['Craftastic'],[]
851649498.0,12,35988.0,2999.0,2999.0,['Fat Face'],[]
853907490.0,11,38335.0,3485.0,3485.0,['University College Hospital'],[]
854513972.0,14,35135.0,3125.0,2509.6428571428573,['CPA'],[703537476.0]
854895960.0,11,28622.0,2602.0,2602.0,['Boots'],[]
855129444.0,12,19441.199999999997,1620.1,1620.0999999999997,['Starbucks'],[]
856147482.0,11,8250.0,750.0,750.0,[],[354894456.0]
856461967.0,12,7440.0,620.0,620.0,[],[567499591.0]
856957948.0,11,22231.0,2021.0,2021.0,['Head'],[]
857455726.0,15,14400.0,1030.0,960.0,[],[133755851.0]
857754342.0,12,37053.0,3087.75,3087.75,['Premier Finance'],[]
857997794.0,12,13320.0,1110.0,1110.0,[],[654329190.0]
858560423.0,12,34440.0,2870.0,2870.0,['Brilliant Brushes'],[]
858989281.0,12,63513.600000000006,5292.8,5292.8,['Lavender Primary'],[]
859264768.0,11,16995.0,1545.0,1545.0,['Vision Express'],[]
859603181.0,12,29664.0,2472.0,2472.0,['Green Park Academy'],[]
860360312.0,12,22110.0,1842.5,1842.5,['Pets Corner'],[]
865748375.0,12,33276.0,2773.0,2773.0,['A Cut Above'],[]
866941383.0,11,36666.63,3333.33,3333.33,['Jollyes'],[]
867679563.0,12,19500.0,1625.0,1625.0,['The Crown'],[]
867987292.0,11,17424.0,1584.0,1584.0,['Happy Days Home'],[]
868014990.0,3,280.0,80.0,93.33333333333333,[],[152507984.0]
868377987.0,12,36960.0,3080.0,3080.0,['Lavender Primary'],[]
871200314.0,10,7420.0,775.0,742.0,[],[349614277.0]
871866387.0,9,15408.0,1712.0,1712.0,['Happy Days Home'],[]
872286364.0,12,20544.0,1712.0,1712.0,['Westport Care Home'],[]
873693307.0,11,43527.0,3957.0,3957.0,['LBG'],[]
873701090.0,12,18528.0,1544.0,1544.0,['A Cut Above'],[]
874431242.0,12,41379.0,3749.0,3448.25,['LBG'],[138609932.0]
874506295.0,13,4660.0,390.0,358.46153846153845,[],[519649533.0]
876890798.0,11,30580.0,2780.0,2780.0,['Hobby Lobby'],[]
878989510.0,12,29664.0,2472.0,2472.0,['Sunny Care Nursery'],[]
879091637.0,13,12890.0,1120.0,991.5384615384615,[],[179668921.0]
880546403.0,11,32082.6,2916.6,2916.6,['Jollyes'],[]
885259672.0,12,22110.0,1842.5,1842.5,['Cass Art'],[]
886837068.0,11,20163.0,1833.0,1833.0,['Halifax'],[]
886921642.0,12,24552.0,2046.0,2046.0,['Fitted Stitch'],[]
887156614.0,14,25424.0,2264.0,1816.0,['Vision Express'],[637649383.0]
887853850.0,12,34099.92,2841.66,2841.66,['Green Park Academy'],[]
889916166.0,12,19500.0,1625.0,1625.0,['Kings Arms'],[]
890567652.0,13,5110.0,420.0,393.0769230769231,[],[779620857.0]
890830949.0,17,14470.0,830.0,851.1764705882352,[],[866941383.0]
891513205.0,12,4680.0,390.0,390.0,[],[198051483.0]
891716230.0,15,40626.0,3238.0,2708.4,['Premier Finance'],[950234174.0]
892354433.0,12,24552.0,2046.0,2046.0,['Selfridges'],[]
893134725.0,11,25300.0,2300.0,2300.0,['Lavender Primary'],[]
895331556.0,10,16750.0,1675.0,1675.0,['Stitch By Stitch'],[]
895750759.0,13,10660.0,960.0,820.0,[],[240643705.0]
896821055.0,11,18832.0,1712.0,1712.0,['Happy Days Home'],[]
897592348.0,12,27600.0,2300.0,2300.0,['Sunny Care Nursery'],[]
897714622.0,11,41239.0,3749.0,3749.0,['Halifax'],[]
898104045.0,13,19521.199999999997,1620.1,1501.630769230769,['Starbucks'],[299652176.0]
899692478.0,12,20100.0,1675.0,1675.0,['A Yarn Story'],[]
899742927.0,24,34110.0,1421.25,1421.25,['Pets Corner'],[479366718.0]
901037631.0,11,20009.0,1819.0,1819.0,['Happy Days Home'],[]
901432314.0,12,22110.0,1842.5,1842.5,['Cass Art'],[]
902798190.0,11,7150.0,650.0,650.0,[],[184430449.0]
903468956.0,11,18513.0,1683.0,1683.0,['CeX'],[]
903663593.0,12,24999.600000000002,2083.3,2083.3,['Rose & Crown'],[]
903953091.0,11,18766.0,1706.0,1706.0,['Happy Days Home'],[]
904154012.0,13,8240.0,670.0,633.8461538461538,[],[340321732.0]
905860285.0,12,52500.0,4375.0,4375.0,['Premier Finance'],[]
909669130.0,17,12070.0,770.0,710.0,[],[358846516.0]
909676212.0,12,22800.0,1900.0,1900.0,['Fitted Stitch'],[]
910730524.0,12,20100.0,1675.0,1675.0,['Rose & Crown'],[]
912584712.0,11,16967.5,1542.5,1542.5,['Hobby Lobby'],[]
912705941.0,12,29664.0,2472.0,2472.0,['Sunny Care Nursery'],[]
913127700.0,11,21373.0,1943.0,1943.0,['Happy Days Home'],[]
913801979.0,14,23766.0,1698.0,1697.5714285714287,['North Face'],[108481285.0]
914806976.0,11,16967.5,1542.5,1542.5,['Hobbycraft'],[]
915666111.0,12,19441.199999999997,1620.1,1620.0999999999997,['Costa Coffee'],[]
916270283.0,12,14450.0,1300.0,1204.1666666666667,[],[719586818.0]
918772878.0,11,4620.0,420.0,420.0,[],[641764023.0]
919185264.0,11,27500.0,2500.0,2500.0,['Vision Express'],[]
920031185.0,6,5870.0,1090.0,978.3333333333334,[],[424397946.0]
920830317.0,12,38016.0,3168.0,3168.0,['Fitted Stitch'],[]
923322792.0,15,11520.0,960.0,768.0,[],[703588001.0]
924045955.0,13,24722.0,2021.0,1901.6923076923076,['Barbiee Boutique'],[122884111.0]
925037906.0,14,24076.0,1833.0,1719.7142857142858,['Selfridges'],[727417797.0]
925659248.0,12,19200.0,1600.0,1600.0,[],[324046160.0]
929044080.0,15,9220.0,740.0,614.6666666666666,[],[220183538.0]
930271460.0,12,27600.0,2300.0,2300.0,['Lavender Primary'],[]
930277104.0,11,52569.0,4779.0,4779.0,['Remedy plus care'],[]
933491926.0,11,22231.0,2021.0,2021.0,['Head'],[]
933745726.0,4,6320.0,1585.0,1580.0,[],[324224854.0]
936813994.0,14,10270.0,730.0,733.5714285714286,[],[264208990.0]
938992364.0,12,8040.0,670.0,670.0,[],[684988568.0]
939972497.0,15,26838.0,1819.0,1789.2,['Westport Care Home'],[653667523.0]
940569402.0,12,37500.0,3125.0,3125.0,['Premier Finance'],[]
941285623.0,15,17750.0,1150.0,1183.3333333333333,[],[243148289.0]
943329213.0,3,8400.0,3170.0,2800.0,[],[679662108.0]
943829984.0,12,20100.0,1675.0,1675.0,['Kings Arms'],[]
945054126.0,11,18425.0,1675.0,1675.0,['Gamestation'],[]
948069469.0,11,18766.0,1706.0,1706.0,['Happy Days Home'],[]
948558249.0,12,22110.0,1842.5,1842.5,['Pets Corner'],[]
949032480.0,12,27504.0,2292.0,2292.0,['Premier Finance'],[]
950234174.0,13,31140.0,2590.0,2395.3846153846152,[],[891716230.0]
951817450.0,12,32496.0,2708.0,2708.0,['Premier Finance'],[]
954263768.0,10,15450.0,1545.0,1545.0,['Vision Express'],[]
955035930.0,14,31261.0,2601.0,2232.9285714285716,['Lloyds Pharmacy'],[621652856.0]
956717493.0,11,27500.0,2500.0,2500.0,['Vision Express'],[]
957821152.0,12,21900.0,1825.0,1825.0,['Fat Face'],[]
960208650.0,23,36160.0,1950.0,1572.1739130434783,['Barbiee Boutique'],[535804582.0]
961077907.0,10,6990.0,585.0,699.0,[],[398429109.0]
962295212.0,9,8760.0,830.0,973.3333333333334,[],[914806976.0]
964702094.0,13,17957.5,1542.5,1381.3461538461538,['Hobbycraft'],[601627384.0]
965038148.0,14,7670.0,610.0,547.8571428571429,[],[642924505.0]
967989787.0,5,5120.0,1130.0,1024.0,[],[425108509.0]
969804197.0,3,1960.0,250.0,653.3333333333334,[],[345514953.0]
970298834.0,13,15350.0,1330.0,1180.7692307692307,[],[472995101.0]
971010829.0,12,24996.0,2083.0,2083.0,['Premier Finance'],[]
971129830.0,6,6680.0,1045.0,1113.3333333333333,[],[126929801.0]
973086490.0,12,38016.0,3168.0,3168.0,['Fat Face'],[]
973388795.0,11,12210.0,1110.0,1110.0,[],[336171116.0]
975345315.0,11,64163.0,5833.0,5833.0,['CPA'],[]
977899503.0,12,19308.0,1609.0,1609.0,['Selfridges'],[]
978951113.0,12,7680.0,640.0,640.0,[],[384183820.0]
979122276.0,12,8160.0,680.0,680.0,[],[699714981.0]
979135922.0,12,24620.0,2220.0,2051.6666666666665,[],[616924659.0]
979892433.0,11,18480.0,1680.0,1680.0,['Collector Cave'],[]
980500334.0,11,7370.0,670.0,670.0,[],[639420537.0]
982949451.0,11,18205.0,1655.0,1655.0,['Collector Cave'],[]
984783496.0,11,36663.0,3333.0,3333.0,['Boots'],[]
985188462.0,17,16430.0,830.0,966.4705882352941,[],[593378953.0]
986267641.0,11,37680.0,3750.0,3425.4545454545455,['Boots'],[423208402.0]
986774156.0,16,25790.0,1675.0,1611.875,['Tesco'],[187541224.0]
987163717.0,11,25212.0,2292.0,2292.0,['CPA'],[]
987229118.0,12,21900.0,1825.0,1825.0,['Fitted Stitch'],[]
987656636.0,11,29370.0,2670.0,2670.0,[],[450896297.0]
990461108.0,13,45939.0,4119.0,3533.769230769231,['Lloyds Pharmacy'],[673025413.0]
990894155.0,11,18634.0,1694.0,1694.0,['Happy Days Home'],[]
992204045.0,11,50413.0,4583.0,4583.0,['LBG'],[]
993238248.0,13,6200.0,540.0,476.9230769230769,[],[448279144.0]
993663752.0,12,7460.0,670.0,621.6666666666666,[],[672994751.0]
994214354.0,12,35988.0,2999.0,2999.0,['Fitted Stitch'],[]
994947671.0,11,19668.0,1788.0,1788.0,['Grand Union BJJ'],[]
995615876.0,11,19063.0,1733.0,1733.0,['Matalan'],[]
996042490.0,11,41250.0,3750.0,3750.0,['Lloyds Pharmacy'],[]
998390769.0,12,19500.0,1625.0,1625.0,['Kings Arms'],[]
998405607.0,13,6900.0,450.0,530.7692307692307,[],[388862238.0]
999752672.0,11,29788.0,2708.0,2708.0,['CPA'],[]
