Date,Timestamp,Account No,Balance,Amount,Third Party Account No,Third Party Name
01/01/2023,00:00,221356538.0,714.02,-100.0,,
01/01/2023,00:00,977899503.0,2521.0200000000004,-12.99,,
01/01/2023,00:00,912584712.0,960.04,-15.99,,
01/01/2023,00:00,769311479.0,-147.94,-18.99,,
01/01/2023,12:40,175452235.0,-104.25999999999996,-319.2,,
03/01/2023,08:59,913127700.0,1157.341,-3.6,,
04/01/2023,13:19,907987693.0,738.6732999999999,-39.5,,
04/01/2023,14:18,907987693.0,622.1732999999999,-116.5,,
05/01/2023,08:22,395284483.0,699.993151199263,-5.1,,
05/01/2023,20:08,605116158.0,1678.5425999999998,-27.64,,
05/01/2023,20:56,656389634.0,1376.4453977768865,-10.47,,
06/01/2023,08:06,948558249.0,2806.583750000001,-6.15,,
06/01/2023,09:24,596171893.0,1631.1,-11.98,,
08/01/2023,10:45,930277104.0,979.62665,-106.39,,
08/01/2023,12:34,385685918.0,-1020.1000591584472,-204.0,,
08/01/2023,13:40,449387287.0,1662.104693835102,-23.96,,
10/01/2023,19:17,570575024.0,-430.2362,-72.96,,
11/01/2023,15:48,848118081.0,789.8372999999999,-52.0,,
12/01/2023,18:34,147508204.0,53.00100000000074,-212.8,,
15/01/2023,12:05,822718326.0,-212.81287941903983,-53.59,,
22/01/2023,05:34,387957305.0,1153.7505440199184,-10.53,,
23/01/2023,19:09,166019891.0,-262.4194,-59.93,,
28/01/2023,10:10,624563756.0,-471.0834815900405,-15.03,,
28/01/2023,17:44,668692488.0,-306.1249,-31.99,,
29/01/2023,11:17,417850087.0,735.9548609275189,-132.48,,
30/01/2023,12:49,352291960.0,-63.01979669642594,-51.75,,
31/01/2023,13:59,138351025.0,399.2190000000001,-50.0,,
31/01/2023,23:59,519933553.0,2306.8566439416145,-18.99,,
31/01/2023,23:59,736340277.0,2971.74364719881,-5.99,,
31/01/2023,23:59,169006407.0,4913.889770174406,-18.99,,
01/02/2023,03:02,448279144.0,853.4810999999999,-22.65,,
01/02/2023,20:38,535744551.0,1927.8229000000024,-30.67,,
02/02/2023,10:43,712474734.0,252.7681687639962,-119.0,,
04/02/2023,12:30,143003091.0,4036.506623756253,-62.97,,
10/02/2023,18:58,,-234.96724146542132,-118.6,,
12/02/2023,13:08,340321732.0,1124.9208,-5.0,,
14/02/2023,08:40,407323346.0,-1327.811932555314,-124.17,,
17/02/2023,19:23,235310449.0,-1096.5142647027224,-143.07,,
21/02/2023,09:44,277562576.0,901.8843696882914,-129.97,,
21/02/2023,11:55,254853117.0,3776.9940646567297,-180.6,,
22/02/2023,09:58,520447032.0,2050.425878856237,-99.98,,
24/02/2023,20:44,406862520.0,340.5596265374109,-93.88,,
26/02/2023,11:00,713057426.0,268.71624999999983,-19.99,,
27/02/2023,14:37,950234174.0,-259.49206303899246,-186.9,,
28/02/2023,23:59,924045955.0,3080.0699979938604,-7.99,,
02/03/2023,08:04,948558249.0,3338.32321519922,-5.35,,
02/03/2023,09:57,657528784.0,717.7529000000003,-19.97,,
06/03/2023,16:23,871200314.0,465.8164577708051,-56.99,,
07/03/2023,09:46,657139925.0,4064.839200000004,-79.08,,
10/03/2023,09:10,169006407.0,6056.252905964407,-5.65,,
10/03/2023,16:32,604334058.0,-639.0414000000003,-6.0,,
11/03/2023,19:10,137822385.0,1652.5626677355815,-86.94,,
12/03/2023,15:22,838830098.0,348.67319208778554,-67.98,,
14/03/2023,11:06,441142605.0,1399.364099999999,-54.38,,
17/03/2023,09:02,815993333.0,-381.15035000000046,-57.99,,
20/03/2023,12:48,519644021.0,3075.904629296756,-133.0,,
21/03/2023,13:56,948558249.0,2781.267277770164,-75.89,,
22/03/2023,09:32,945054126.0,-473.4756000000001,-57.67,,
31/03/2023,23:59,454129843.0,4935.416822642153,-770.0,,
01/04/2023,00:00,866941383.0,2341.85555,-750.0,,
31/03/2023,23:59,479456865.0,1424.7018336269389,-15.99,,
31/03/2023,23:59,252419513.0,388.019764186584,-18.99,,
31/03/2023,23:59,534097839.0,-2796.54855,-7.99,,
31/03/2023,23:59,173317688.0,-690.5582348842854,-7.99,,
02/04/2023,10:33,117273481.0,3657.941568173811,-5.99,,
06/04/2023,17:37,425964226.0,1751.3317999999997,-79.98,,
07/04/2023,19:42,642924505.0,1472.6144606254854,-12.98,,
08/04/2023,12:09,583579399.0,514.9022999999993,,,
14/04/2023,07:37,489964679.0,12724.416062546405,-62.16,,
15/04/2023,13:47,321372947.0,-357.4520507890994,-43.58,,
18/04/2023,17:46,129018172.0,2225.932766180014,-241.5,,
19/04/2023,13:21,718058208.0,1015.4910642253708,-59.3,,
23/04/2023,10:01,903663593.0,1588.8115662581545,-111.38,,
24/04/2023,16:52,625281433.0,-915.759857370756,-48.26,,
25/04/2023,13:53,982286721.0,-2080.205524017734,-49.59,,
26/04/2023,06:28,407574996.0,1532.3625549915937,-2.47,,
27/04/2023,17:19,639409800.0,11754.410150000009,-11.97,,
29/04/2023,11:27,492215823.0,1120.9490876812806,-10.56,,
30/04/2023,10:45,122884111.0,-754.5385830729717,-45.0,,
30/04/2023,23:59,647936800.0,112.9789546671,-7.99,,
30/04/2023,23:59,143003091.0,11423.14893474407,-18.99,,
30/04/2023,23:59,990461108.0,82.27626862061203,-12.99,,
30/04/2023,23:59,305778936.0,6898.574537102976,-7.0,,
30/04/2023,23:59,261793952.0,946.9432602038146,-18.99,,
30/04/2023,23:59,135937041.0,-55.51834826841127,-15.99,,
01/05/2023,20:57,264208990.0,1179.9215499999996,-83.67,,
02/05/2023,12:13,670102069.0,4170.252900229084,-223.27,,
06/05/2023,11:08,408057540.0,5164.526327468023,-108.5,,
08/05/2023,08:56,270374623.0,7015.834107267519,-21.73,,
10/05/2023,16:23,587225252.0,5113.970550000004,-10.01,,
14/05/2023,14:17,868377987.0,1020.2496877251632,-40.99,,
15/05/2023,08:27,678851253.0,4415.974009907188,-44.36,,
26/05/2023,03:09,623156843.0,2101.1498343801145,-1590.0,,
28/05/2023,11:40,903468956.0,101.84449999999998,-35.0,,
29/05/2023,04:00,518474507.0,9810.929970277211,-3.54,,
30/05/2023,09:28,120634201.0,1825.2572000000016,-33.0,,
31/05/2023,00:00,352899149.0,1750.154899999999,1584.0,,
30/05/2023,23:59,105375973.0,52.965652818940384,900.0,,
31/05/2023,06:23,962295212.0,22.522350000001097,1370.0,,
01/06/2023,00:00,146909202.0,6217.6040657077365,1287.0,,
31/05/2023,23:59,970298834.0,2519.9586465639777,1330.0,,
31/05/2023,23:59,250957494.0,726.1522499999992,-18.99,,
31/05/2023,23:59,578131296.0,1221.0689694440446,-18.99,,
31/05/2023,23:59,264550521.0,8856.15664327698,-7.0,,
02/06/2023,18:33,955035930.0,3584.673941991477,-9.99,,
04/06/2023,10:44,598793068.0,593.603249999999,-94.48,,
04/06/2023,15:46,943829984.0,1285.2389024948814,-166.99,,
05/06/2023,14:40,873701090.0,1962.5757287383,-83.99,,
07/06/2023,14:19,762896656.0,-587.5580018481415,-57.48,,
08/06/2023,03:50,853907490.0,6909.578983190247,-46.99,,
08/06/2023,14:52,823208989.0,1239.0846478614226,-27.26,,
08/06/2023,19:20,233981231.0,899.646685927168,-44.43,,
09/06/2023,08:39,999752672.0,1792.0000935333346,-125.55,,
12/06/2023,19:19,667367404.0,7142.917513777202,-54.77,,
17/06/2023,09:32,492215823.0,178.70770792735925,-51.81,,
17/06/2023,09:57,822135975.0,8930.867383867018,-29.36,,
18/06/2023,11:27,668329719.0,6981.680457741692,-114.76,,
21/06/2023,04:48,105375973.0,-182.72434718105964,-26.49,,
24/06/2023,19:43,613427466.0,2896.8704082650656,-46.51,,
28/06/2023,03:07,550169791.0,11146.744464232515,-13.47,,
28/06/2023,17:21,586315521.0,8251.083494020477,-34.46,,
01/07/2023,00:00,380228542.0,625.2059918155655,1842.5,,
01/07/2023,00:00,642924505.0,567.3901701835264,-460.0,,
01/07/2023,00:00,357651163.0,-209.51000000000045,-1008.0,,
01/07/2023,00:00,220183538.0,1224.2963499999996,-1269.0,,
30/06/2023,23:59,807714284.0,448.3697607360002,-18.99,,
30/06/2023,23:59,461029994.0,6947.730851481008,-18.99,,
01/07/2023,08:27,215426302.0,2409.892404025692,-6.99,,
01/07/2023,11:34,555804115.0,-831.5178475587027,-49.49,,
01/07/2023,17:25,348525881.0,110.5191245949361,-77.61,,
03/07/2023,03:09,795847804.0,16727.44414140187,-39.22,,
08/07/2023,13:07,187111705.0,4879.702351249965,-6.9,,
09/07/2023,01:42,705848712.0,19706.54665414328,-24.09,,
10/07/2023,17:31,887156614.0,112.68107895922653,-28.87,,
13/07/2023,18:49,310375875.0,3048.208878345421,-121.69,,
14/07/2023,05:09,912705941.0,13923.8204238982,-2.44,,
15/07/2023,18:36,218795010.0,-809.0944000000002,-29.18,,
18/07/2023,05:24,670102069.0,2979.552486406311,-29.12,,
19/07/2023,05:54,647936800.0,3581.4377260763526,-4.53,,
23/07/2023,11:16,741269136.0,2607.29845,-40.95,,
23/07/2023,12:45,762896656.0,-1278.9400018481413,-216.3,,
24/07/2023,11:28,987656636.0,5521.149608952381,-170.8,,
27/07/2023,16:36,605116158.0,1323.6701999999989,-170.0,,
29/07/2023,19:17,475117511.0,5813.73086230037,-27.87,,
30/07/2023,23:59,929044080.0,999.6713915056288,740.0,,
01/08/2023,00:00,816685391.0,935.2562962915736,1675.0,,
31/07/2023,23:59,499410772.0,-1334.031862905163,-430.0,,
31/07/2023,23:59,610450243.0,-126.28180000000016,-14.99,,
31/07/2023,23:59,234952520.0,-1734.8736000000008,-15.99,,
01/08/2023,17:48,854513972.0,744.1783499999997,-149.98,,
03/08/2023,15:51,720742759.0,1604.2645808830082,-117.97,,
04/08/2023,12:35,266777719.0,-566.9935662197604,-78.75,,
05/08/2023,10:06,868377987.0,2760.14646951568,-37.99,,
05/08/2023,10:42,322720763.0,7695.823189896136,-146.26,,
06/08/2023,01:13,874431242.0,11766.463566455372,-3.99,,
06/08/2023,15:09,923322792.0,-914.5643317536376,-18.75,,
09/08/2023,17:35,581655972.0,34809.191810198696,-89.6,,
09/08/2023,17:42,380228542.0,-427.5560581844344,-287.8,,
15/08/2023,07:29,706250160.0,8514.005828584517,-9.09,,
15/08/2023,11:32,383833857.0,18153.275839835293,-29.44,,
17/08/2023,09:40,853907490.0,6626.652684005391,-52.59,,
24/08/2023,04:46,851181128.0,3146.313206576635,-36.39,,
28/08/2023,12:55,941285623.0,-425.2416009332297,-135.3,,
01/09/2023,00:00,188263947.0,901.8497500000004,-1310.0,,
31/08/2023,23:59,471897866.0,8310.477476338217,-15.99,,
31/08/2023,23:59,316793091.0,963.9891600549512,-12.99,,
31/08/2023,23:59,856147482.0,360.9311014013754,-15.99,,
31/08/2023,23:59,835736339.0,3075.312740583975,-5.99,,
01/09/2023,07:57,417850087.0,15788.10978413156,-2.72,,
06/09/2023,12:29,749378808.0,5325.424702795218,-24.83,,
07/09/2023,20:58,409971170.0,2036.6442231083065,-35.1,,
09/09/2023,14:00,661295096.0,2957.611204411934,-88.51,,
09/09/2023,17:02,570575024.0,-856.7287000000005,-67.15,,
10/09/2023,14:57,844835978.0,8990.41504310472,-224.64,,
11/09/2023,13:35,398429109.0,1186.984950000001,-115.98,,
12/09/2023,07:04,237493332.0,12773.804601125985,-28.8,,
12/09/2023,16:15,175452235.0,-491.14274999999975,-206.5,,
14/09/2023,08:17,151968462.0,8370.42327081423,-51.57,,
15/09/2023,08:50,832564361.0,14088.981034334014,-38.58,,
16/09/2023,09:06,426474982.0,-3388.37725,-11.98,,
19/09/2023,17:00,516051449.0,1508.8805090142912,-36.95,,
23/09/2023,12:07,196289502.0,13138.545358846866,-0.15,,
24/09/2023,12:21,414454079.0,-13.84914999999814,-31.38,,
27/09/2023,09:02,170637730.0,2126.528921099183,-16.79,,
29/09/2023,23:59,254018059.0,144.57875,240.0,,
01/10/2023,00:00,274818272.0,662.6077785671316,-517.0,,
01/10/2023,00:00,221356538.0,703.3717999999997,-729.0,,
30/09/2023,23:59,609939116.0,7705.546646369859,-7.99,,
30/09/2023,23:59,655368335.0,5404.721910070222,-5.99,,
30/09/2023,23:59,992204045.0,12794.371384610586,-5.99,,
30/09/2023,23:59,305778936.0,12026.31851129507,-15.99,,
30/09/2023,23:59,773633520.0,667.7355609385115,-18.99,,
30/09/2023,23:59,364396689.0,-502.85425,-14.99,,
01/10/2023,08:49,116598243.0,3076.1149373573653,-5.59,,
02/10/2023,04:46,532478725.0,5173.182093654671,-18.95,,
02/10/2023,11:02,570269025.0,3103.87183335989,-134.99,,
03/10/2023,16:53,815993333.0,462.6856390614075,-237.3,,
05/10/2023,18:14,647936800.0,666.6387916349478,-44.43,,
06/10/2023,13:08,409370545.0,1486.1362755455202,-10.03,,
07/10/2023,18:18,399144202.0,2625.7660082046614,-32.39,,
09/10/2023,08:08,336557504.0,1287.287695019486,-5.7,,
15/10/2023,13:09,348325817.0,9947.369172379662,-6.35,,
16/10/2023,16:47,829914501.0,325.0428065709742,-182.66,,
17/10/2023,10:28,613729471.0,8607.781581411078,-7.07,,
17/10/2023,18:47,919185264.0,2840.1292597631696,-4.38,,
18/10/2023,12:03,749378808.0,3769.216050365529,-34.18,,
20/10/2023,09:32,909676212.0,418.5314045320274,-87.46,,
21/10/2023,02:35,818552503.0,4.814949999998916,-38.2,,
21/10/2023,06:15,480557476.0,10574.041579359173,-14.99,,
21/10/2023,10:43,971010829.0,13.675056444245245,-35.95,,
26/10/2023,16:05,601627384.0,3338.1439260590937,-2.11,,
30/10/2023,04:06,704517789.0,16156.275086598944,-6.48,,
31/10/2023,00:00,556992209.0,14164.76062447272,3333.0,,
31/10/2023,23:59,518474507.0,15539.307859928596,-12.99,,
31/10/2023,23:59,866941383.0,2734.5069500000063,-7.0,,
31/10/2023,23:59,455052690.0,222.51373994862763,-14.99,,
31/10/2023,23:59,936917570.0,-2937.937499999997,-100.0,,
02/11/2023,08:59,812012103.0,-864.6593000000004,-46.79,,
03/11/2023,09:21,960208650.0,18588.582734278745,-13.71,,
05/11/2023,05:25,930277104.0,11039.73293196951,-24.64,,
05/11/2023,15:12,472995101.0,1591.2627842428035,-188.99,,
08/11/2023,04:53,853907490.0,8042.910038092522,-20.64,,
14/11/2023,05:22,213112754.0,5786.212097649937,-47.2,,
15/11/2023,09:16,618138606.0,1437.085902870066,-4.95,,
16/11/2023,11:24,956717493.0,1262.6107504359832,-25.63,,
16/11/2023,12:47,699139822.0,559.064075776947,-133.0,,
20/11/2023,09:27,383833857.0,26092.863871786547,-25.78,,
24/11/2023,18:20,897714622.0,9120.422256165411,-41.99,,
25/11/2023,07:22,322221939.0,3271.1115290225284,-3.04,,
25/11/2023,09:40,441274121.0,12165.240588475976,-27.34,,
26/11/2023,15:53,822718326.0,11359.456001111885,-91.98,,
29/11/2023,04:08,200080192.0,8269.373773478566,-24.81,,
29/11/2023,12:26,494789005.0,2331.553707090131,-50.19,,
30/11/2023,16:00,158414827.0,212.93499999999813,-37.99,,
01/12/2023,00:00,873701090.0,912.1112567144723,-462.0,,
30/11/2023,23:59,570323670.0,4286.466779020461,-5.99,,
30/11/2023,23:59,549414742.0,8439.325327397484,-5.99,,
30/11/2023,23:59,780463728.0,5209.08087094224,-7.0,,
30/11/2023,23:59,337771621.0,-3131.7176499999973,-15.99,,
30/11/2023,23:59,131388684.0,25186.398758983574,-7.99,,
01/12/2023,13:24,187111705.0,8353.601281883519,-6.85,,
03/12/2023,05:28,366550080.0,26932.575857288597,-43.86,,
03/12/2023,05:58,108481285.0,10767.326580504088,-2.8,,
03/12/2023,10:17,659415300.0,2695.894296218075,-5.4,,
03/12/2023,11:26,258201793.0,-444.8098000000002,-40.88,,
04/12/2023,08:34,215426302.0,1118.800404025692,-43.2,,
06/12/2023,19:39,868033067.0,-2615.65328645108,-24.56,,
01/01/2023,00:00,,813.0,-1143.0,,Halifax
01/01/2023,00:00,857754342.0,2745.75,,,LBG
01/01/2023,00:00,,2284.0300000000007,-18.99,,PureGym
01/01/2023,00:00,,1542.03,-18.99,,PureGym
01/01/2023,00:00,246753533.0,,-100.0,,Grand Union BJJ
01/01/2023,00:00,,3351.01,-15.99,,Netflix
01/01/2023,00:00,,3785.7800000000007,-18.99,,PureGym
01/01/2023,00:00,424397946.0,3358.01,,,PureGym
01/01/2023,,593191200.0,1490.02,-14.99,,Blizzard
01/01/2023,00:00,,842.05,-7.99,,Disney
,00:00,554792076.0,575.02,-5.99,,Mojang Studios
01/01/2023,00:00,987656636.0,844.02,,,Disney
01/01/2023,00:00,399538448.0,3506.070000000001,,,Amazon
,00:00,581655972.0,6895.01,-15.99,,Netflix
01/01/2023,00:00,726913482.0,,-5.99,,Mojang Studios
,00:00,711140907.0,1217.0,-7.0,,Xbox
01/01/2023,00:00,335698481.0,,-18.99,,PureGym
,09:23,310620484.0,992.08,-11.98,,The Works
01/01/2023,09:49,706250160.0,,-60.92,,The Works
01/01/2023,10:01,647472692.0,,-27.96,,The Works
01/01/2023,14:33,653640811.0,3288.7400000000007,,,Blackwell's
01/01/2023,15:09,,2842.420000000001,-6.7,,Starbucks
01/01/2023,15:52,,1668.05,-9.0,,The Crown
01/01/2023,16:51,903468956.0,,-9.5,,The Crown
,09:33,550832673.0,631.12,-53.92,,Blackwell's
02/01/2023,,572384506.0,3193.040000000001,-9.99,,The Works
,13:09,364396689.0,436.7588,-99.27,,Tesco
03/01/2023,,196289502.0,855.8792,-47.56,,Tesco
03/01/2023,,421475159.0,1375.453,-99.98,,Gamestation
04/01/2023,,760704118.0,2636.7748000000006,-221.89,,Fat Face
,15:54,345514953.0,-630.99,-90.0,,Topshop
,13:11,932820758.0,836.2159332244443,-113.34,,Matalan
05/01/2023,19:45,,1133.1455464826574,-5.0,,The Crown
06/01/2023,16:50,412823730.0,,-66.99,,Sports Direct
07/01/2023,09:02,,1388.3914337802375,-42.78,,Tesco
,10:15,520447032.0,2123.165250000001,-39.98,,CeX
07/01/2023,,162162212.0,1141.6563,-38.42,,Tesco
,12:37,287230540.0,425.99045,-22.0,,Wool
07/01/2023,12:44,395284483.0,,-65.42,,Tesco
08/01/2023,11:23,639549973.0,,-122.5,,Topshop
09/01/2023,10:41,,1484.3372,-142.87,,Loosely Fitted
,11:33,142791593.0,640.9847,-105.0,,Loosely Fitted
09/01/2023,11:42,,906.1732,-19.99,,Five Senses Art
09/01/2023,,572333122.0,95.35619999999987,-201.18,,Tesco
09/01/2023,17:29,,102.43889999999992,-192.86,,Tesco
,17:32,419550103.0,2940.2000000000007,-99.98,,Gamestation
11/01/2023,09:21,282837512.0,313.3408999999999,,,JD Sports
11/01/2023,09:36,,2260.9321377993606,-62.99,,Topshop
11/01/2023,09:48,384497904.0,1053.00365,,,Gamestation
12/01/2023,,663479159.0,1806.3016977305024,-8.0,,The Crown
13/01/2023,,586315521.0,2995.0089000000016,-6.2,,Coffee #1
13/01/2023,09:55,552980092.0,,-375.9,,Fat Face
13/01/2023,15:43,143606916.0,,-155.37,,Tesco
13/01/2023,16:41,679911053.0,2152.700087692855,,,Tesco
14/01/2023,,993238248.0,1621.5319901443102,-78.99,,Grand Union BJJ
,03:02,605116158.0,951.7137999999997,-15.35,,Deliveroo
16/01/2023,13:43,405416860.0,2096.412650000001,,,Gamestation
17/01/2023,10:30,620227043.0,1401.4588607774488,,,Blackwell's
,15:23,643610517.0,360.9123092703415,-62.29,,Revella
18/01/2023,17:56,168414279.0,,-19.99,,Sports Direct
19/01/2023,09:21,654329190.0,1817.458853929401,,,Tesco
19/01/2023,12:51,,855.9943826930272,-63.98,,Tesco
19/01/2023,19:33,887853850.0,,-88.9,,Tesco
20/01/2023,,706250160.0,704.2365233020672,-56.56,,Sainsbury Local
20/01/2023,10:03,965038148.0,1852.2036400000009,,,Five Senses Art
20/01/2023,11:03,737547541.0,1964.3750140700367,,,Matalan
20/01/2023,,627723633.0,1020.8167999999996,-22.0,,Craftastic
21/01/2023,,280098744.0,823.1213591953853,-69.97,,Five Senses Art
21/01/2023,10:30,475277431.0,,-4.99,,Wool
,12:30,853907490.0,375.07944981747806,-15.28,,Sainsbury Local
21/01/2023,13:25,,2165.442709670814,-150.92,,Tesco
,11:46,291580432.0,904.1733500000008,-23.97,,Stitch By Stitch
22/01/2023,13:00,500043411.0,,-39.92,,Wool
22/01/2023,14:57,678330503.0,333.80401888850736,,,Fat Face
,11:16,215404070.0,874.5570880561245,-121.77,,Fat Face
23/01/2023,16:41,684988568.0,1155.664625336713,,,CeX
25/01/2023,,534204159.0,1686.4539,-14.99,,Five Senses Art
26/01/2023,09:04,221356538.0,-362.36349999999993,,,Tesco
26/01/2023,09:47,918772878.0,,-43.11,,Sports Direct
26/01/2023,17:05,,1436.15385,-29.99,,Gamestation
27/01/2023,10:12,358836279.0,,-71.92,,Stitch By Stitch
27/01/2023,12:37,175452235.0,-1611.60275,,,Tesco
,13:51,433837402.0,-1153.495868464188,-143.5,,Selfridges
,17:38,147474476.0,1784.2726726071348,-12.99,,Sports Direct
28/01/2023,08:12,,1357.473309726612,-4.35,,Coffee #1
28/01/2023,10:13,873693307.0,,-98.57,,Tesco
29/01/2023,,131388684.0,3839.0534000000025,-60.0,,Sports Direct
29/01/2023,,213112754.0,2700.944715662265,-79.98,,Gamestation
29/01/2023,18:04,,2075.106081344348,-208.6,,Revella
29/01/2023,18:20,924045955.0,1669.8866500000008,,,JustEat
30/01/2023,06:56,660561861.0,,-50.32,,Fitted Stitch
30/01/2023,13:32,663479159.0,,-37.95,,The Works
30/01/2023,23:59,425730826.0,1349.1676093887204,,191631876.0,
,00:00,727417797.0,1712.5197,1542.5,,Hobby Lobby
31/01/2023,00:00,310375875.0,,1675.0,,Sainsbury
30/01/2023,,386277162.0,1645.11,-830.0,108812033.0,
31/01/2023,,618514666.0,3330.757497239572,-2.86,,Fitted Stitch
31/01/2023,05:26,248142083.0,,-0.86,,Sainsbury Local
31/01/2023,,519644021.0,1948.6244096708144,-132.35,,Tesco
31/01/2023,,586041848.0,643.7223499999997,-8.49,,Five Senses Art
31/01/2023,10:05,419084831.0,645.1081380349823,,,Sports Direct
31/01/2023,11:05,402438092.0,,-81.98,,Sports Direct
01/02/2023,00:00,399144202.0,,1833.0,,Fitted Stitch
01/02/2023,,685959099.0,4499.532546929523,1736.92,,Lavender Fields
,23:59,691012931.0,1105.654,-120.0,518378868.0,
01/02/2023,00:00,215426302.0,,1842.5,,Cass Art
01/02/2023,00:00,,3457.3430000000008,2000.0,,Fitted Stitch
01/02/2023,00:00,851181128.0,4679.511778563776,,,Craftastic
01/02/2023,00:00,644751433.0,1114.5521415344624,,,LBG
01/02/2023,00:00,496395938.0,5197.963097784308,,,LBG
01/02/2023,00:00,490790931.0,,-701.0,,Halifax
,00:00,352899149.0,870.72,-470.0,,Halifax
,23:59,836110591.0,4461.632084762861,-7.0,,Xbox
31/01/2023,23:59,,1392.1321,-100.0,,Grand Union BJJ
31/01/2023,,213930646.0,-72.29321347256294,-15.99,,Netflix
31/01/2023,23:59,224112146.0,393.6426499999999,,,Netflix
31/01/2023,23:59,865748375.0,,-14.99,,Blizzard
31/01/2023,,776431321.0,3095.0922361131543,-7.99,,Amazon
31/01/2023,23:59,,1119.43365,-5.99,,Mojang Studios
31/01/2023,23:59,,5155.993097784309,-7.0,,Xbox
31/01/2023,23:59,648644594.0,,-12.99,,SquareOnix
31/01/2023,23:59,,291.4570847257262,-7.99,,Amazon
31/01/2023,23:59,,965.3208077807442,-7.0,,Xbox
31/01/2023,,160166876.0,1716.9886905862447,-14.99,,Blizzard
31/01/2023,,994214354.0,3213.7802800198565,-5.99,,Mojang Studios
31/01/2023,23:59,392270893.0,,-15.99,,Netflix
31/01/2023,23:59,514362267.0,,-7.99,,Disney
01/02/2023,09:18,548549094.0,,-109.97,,Gamestation
01/02/2023,09:20,583558311.0,557.978784751332,,,Sports Direct
01/02/2023,,762896656.0,542.1109981518576,-90.3,,Matalan
02/02/2023,02:54,987163717.0,,-30.93,,Deliveroo
03/02/2023,15:33,229502829.0,122.8765258137503,,,Five Senses Art
03/02/2023,,291580432.0,473.9893000000004,-58.23,,Tesco
04/02/2023,09:20,623156843.0,1612.0055,,,Blackwell's
,09:50,479366718.0,1083.8846476324004,-51.98,,Sports Direct
04/02/2023,,424927189.0,451.4383714292944,-64.5,,Topshop
,10:49,277562576.0,1255.840477418963,-149.98,,JD Sports
05/02/2023,11:55,,2144.081273210612,-68.36,,Loosely Fitted
,08:24,304455868.0,2502.92423213232,-17.83,,Tesco
,08:49,706301742.0,-49.35325000000023,-144.74,,Tesco
06/02/2023,16:28,980500334.0,562.0678370989367,,,Tesco
06/02/2023,17:39,780463728.0,992.32927094224,,,Gamestation
07/02/2023,09:52,129018172.0,,-21.97,,Blackwell's
07/02/2023,10:06,872286364.0,,-50.0,,Topshop
07/02/2023,10:11,737547541.0,,-12.59,,Revella
07/02/2023,16:21,929044080.0,-1147.1062084943712,,,Topshop
07/02/2023,17:49,738958551.0,,-180.0,,Fat Face
08/02/2023,09:42,,252.00994084155263,-34.99,,JD Sports
,12:27,812692024.0,3183.050824254181,-1.5,,Brilliant Brushes
08/02/2023,18:42,639549973.0,590.1286040057585,,,Revella
08/02/2023,22:21,899983008.0,-160.64745000000016,,791220575.0,
09/02/2023,17:59,519935524.0,,-100.19,,Sports Direct
10/02/2023,09:56,,1938.0585426441764,-80.49,,Topshop
,17:43,782013626.0,3823.846866469635,-47.98,,JD Sports
,18:11,842682241.0,695.0696500000008,-95.0,,Matalan
,13:52,835829467.0,115.78609999999983,-79.98,,Gamestation
14/02/2023,12:48,,-631.6467217847354,-38.86,,Tesco
14/02/2023,,158414827.0,-64.33650000000016,-27.77,,Tesco
14/02/2023,20:31,169006407.0,,-146.8,,Tesco
,09:25,711045550.0,3869.62635,-47.99,,Sports Direct
15/02/2023,,308505160.0,2659.7486078968223,-72.48,,Matalan
15/02/2023,16:59,241459011.0,,-43.04,,Tesco
15/02/2023,18:36,630468201.0,,-31.15,,JustEat
15/02/2023,,806358207.0,4557.372132200169,-17.45,,Sainsbury Local
16/02/2023,09:08,679662108.0,,-40.95,,Etsy
16/02/2023,,724537117.0,118.11569999999992,-57.99,,Sainsbury
,08:45,662610817.0,313.3801186750728,-92.89,,Tesco
17/02/2023,21:49,,-511.06607497089,-12.02,,Coop Local
18/02/2023,09:41,859264768.0,403.0972922014576,,,CeX
,18:58,490868147.0,-275.9222208786988,-81.63,,Tesco
,10:29,793781222.0,1350.4619022724637,-99.98,,Gamestation
19/02/2023,,857455726.0,-70.91534166509234,-43.98,,Reebok
19/02/2023,16:40,536924114.0,,-53.98,,Sports Direct
20/02/2023,00:33,679911053.0,1490.1393570040057,,,Deliveroo
20/02/2023,17:46,,2125.5870847628617,-15.99,,The Works
20/02/2023,17:57,,3555.7846500000023,-53.98,,Sports Direct
20/02/2023,18:17,856147482.0,,-31.28,,JustEat
,12:55,215426302.0,-755.3875959743084,-26.0,,Tesco
21/02/2023,13:15,,573.575518672337,-5.4,,Coffee #1
23/02/2023,09:03,290818242.0,,-7.8,,Coffee #1
23/02/2023,,449387287.0,414.49369383510185,-29.99,,Sports Direct
23/02/2023,18:28,551755686.0,1369.604964053491,,,Tesco
24/02/2023,20:06,,-121.03524765161043,-108.67,,Tesco
25/02/2023,09:33,450896297.0,2220.191850000001,,,The Works
25/02/2023,10:05,420109571.0,,-82.31,,Tesco
25/02/2023,10:58,585133606.0,440.8173999999997,,,The Works
26/02/2023,,534325901.0,973.0999054028852,-71.99,,JD Sports
,11:32,421881811.0,840.1465500000008,-22.48,,Brilliant Brushes
27/02/2023,23:59,240643705.0,,-960.0,895750759.0,
28/02/2023,00:00,,1706.8935,1542.5,,Hobby Lobby
28/02/2023,08:32,886921642.0,1623.703261919249,,,Sainsbury Local
28/02/2023,09:21,155317149.0,540.0435499999998,,,Sports Direct
28/02/2023,09:24,868014990.0,,-89.32,,Tesco
28/02/2023,09:29,162370388.0,,-44.99,,Reebok
,09:42,101531259.0,657.09675,-56.0,,Grand Union BJJ
28/02/2023,09:58,,724.5735999999999,-22.0,,Sports Direct
28/02/2023,,706361191.0,666.2408484940788,-35.0,,Reebok
28/02/2023,,296972867.0,1519.9687,-59.99,,Sports Direct
28/02/2023,,890567652.0,-338.65875032039924,-35.15,,JustEat
01/03/2023,,893134725.0,4202.342953949212,2300.0,,Lavender Primary
01/03/2023,,656812046.0,5581.64678866859,2300.0,,Green Park Academy
,00:00,672913754.0,3684.6784000000025,-745.0,,LBG
,00:00,213112754.0,5543.277380005017,-1135.0,,Halifax
,23:59,551196328.0,1098.1914499999996,-12.99,,SquareOnix
28/02/2023,23:59,724537117.0,,-12.99,,SquareOnix
,23:59,655450953.0,-182.07587845553095,-15.99,,Netflix
,23:59,838830098.0,1590.1238920877856,-100.0,,Grand Union BJJ
,23:59,364357875.0,3643.161778028561,-15.99,,Netflix
28/02/2023,,119943495.0,9.063237887142074,-12.99,,SquareOnix
28/02/2023,23:59,552980092.0,86.84571911933753,,,Blizzard
28/02/2023,23:59,287230540.0,,-18.99,,PureGym
,23:59,522188082.0,5298.289026269225,-15.99,,Netflix
28/02/2023,23:59,987656636.0,,-7.99,,Disney
28/02/2023,23:59,,2020.8688736055144,-12.99,,SquareOnix
28/02/2023,23:59,,-523.4098291195213,-7.99,,Amazon
28/02/2023,23:59,856461967.0,,-7.99,,Amazon
28/02/2023,23:59,,3398.1215754561804,-15.99,,Netflix
28/02/2023,23:59,285220959.0,2837.1899690926725,,,SquareOnix
28/02/2023,23:59,,2929.6239413045823,-7.0,,Xbox
28/02/2023,23:59,,1163.086908939693,-15.99,,Netflix
28/02/2023,23:59,,5930.824291912194,-7.0,,Xbox
,23:59,925659248.0,-454.84583922957074,-18.99,,PureGym
28/02/2023,23:59,,2829.546595940348,-7.99,,Amazon
,23:59,211493028.0,1258.84,-100.0,,Grand Union BJJ
28/02/2023,23:59,741269136.0,,-14.99,,Blizzard
28/02/2023,,821971408.0,2379.404708490596,-7.99,,Disney
01/03/2023,09:30,879091637.0,,-145.6,,Topshop
01/03/2023,12:57,836655156.0,,-37.32,,Tesco
01/03/2023,,283027736.0,101.03724397017326,-25.0,,Sports Direct
01/03/2023,17:49,361955473.0,726.6203952440846,,,Gamestation
02/03/2023,16:52,709151315.0,-609.1987816258402,,,Revella
04/03/2023,09:22,544961962.0,,-87.99,,Sports Direct
,09:28,623156843.0,1888.5922000000005,-129.97,,Gamestation
04/03/2023,09:41,986774156.0,3382.2598123860653,,,Sports Direct
04/03/2023,13:26,,3517.3361228078,-5.8,,Coffee #1
04/03/2023,13:47,478412511.0,1683.8625071143902,,,Sports Direct
05/03/2023,09:22,660561861.0,,-15.98,,Five Senses Art
05/03/2023,12:46,395284483.0,1249.5687508209874,,,Tesco
,15:52,797184978.0,-281.3248134269806,-207.9,,Fat Face
06/03/2023,,298000165.0,10488.798726924231,-51.98,,Five Senses Art
06/03/2023,17:50,,4621.356000000004,-13.01,,Tesco
06/03/2023,,780463728.0,825.4812709422399,-66.47,,Topshop
07/03/2023,09:26,355733816.0,2335.3149703996373,,,The Works
07/03/2023,13:44,924045955.0,2782.1560416427174,,,Sports Direct
07/03/2023,,348325817.0,4243.407309419663,-14.99,,Five Senses Art
08/03/2023,,961077907.0,936.8928999999996,-9.99,,Sports Direct
08/03/2023,18:10,503575533.0,,-2190.0,500051919.0,
,18:16,140893085.0,1688.317706365458,-194.59,,Revella
10/03/2023,15:52,895750759.0,,-27.49,,Topshop
,17:30,522188082.0,5048.174130158849,-188.3,,Loosely Fitted
11/03/2023,10:06,,2739.726661048579,-60.0,,Matalan
11/03/2023,,517190750.0,4200.145858125455,-28.0,,Grand Union BJJ
11/03/2023,,706250160.0,2547.5915202371984,-125.3,,Topshop
,19:39,518474507.0,6299.859900000002,-139.75,,Tesco
12/03/2023,,703478110.0,1290.8537907678294,-201.0,,Topshop
12/03/2023,,713641917.0,1401.8028902309184,-12.99,,Sports Direct
12/03/2023,11:18,454356905.0,,-165.19,,Topshop
12/03/2023,13:07,903953091.0,,-29.99,,Gamestation
,15:01,303843160.0,1890.4296000000031,-98.98,,Sports Direct
13/03/2023,18:31,,2205.4589054028866,-97.5,,Topshop
18/03/2023,,779946617.0,3056.4090000000037,-99.99,,Sports Direct
,14:08,572384506.0,6015.711291729264,-50.61,,Tesco
19/03/2023,,858989281.0,12136.486608299703,-10.8,,Topshop
19/03/2023,,859603181.0,1512.5617221839643,-56.0,,Tesco
19/03/2023,15:18,760704118.0,1395.0006565788035,,,Topshop
20/03/2023,,524425303.0,-140.23530000000028,-21.39,,Tesco
20/03/2023,14:33,,1453.0947630850203,-56.98,,Brilliant Brushes
20/03/2023,,220183538.0,128.13899999999967,-71.99,,Sports Direct
,08:57,913127700.0,-113.16144381639792,-176.54,,Tesco
21/03/2023,16:29,610645022.0,,-27.97,,Five Senses Art
21/03/2023,17:53,121858569.0,,-139.97,,Reebok
22/03/2023,,213096759.0,-468.13010821443976,-43.01,,Tesco
23/03/2023,10:33,762896656.0,-215.84300184814205,,,Revella
23/03/2023,17:35,534325901.0,2006.0473054028864,,,Sports Direct
23/03/2023,20:33,169006407.0,,-12.89,,AMAZON
23/03/2023,20:35,286484726.0,,-140.53,,Tesco
,06:12,749378808.0,4499.0662264117655,-23.95,,Amazon
24/03/2023,,298007503.0,1732.5909553941378,-19.99,,Sports Direct
25/03/2023,,667367404.0,3026.872191444959,-108.38,,Fat Face
26/03/2023,13:11,131388684.0,8462.094119586574,,,Sports Direct
26/03/2023,13:13,504055745.0,,-15.94,,Deliveroo
26/03/2023,17:09,475117511.0,2197.088441584798,,,Selfridges
27/03/2023,12:15,151916463.0,975.495006010102,,,Coop Local
28/03/2023,09:00,874506295.0,,-67.11,,Tesco
28/03/2023,18:16,355602925.0,,-126.32,,Coop Local
30/03/2023,09:02,586315521.0,5378.880711655208,,,Coffee #1
30/03/2023,15:01,108931112.0,,-3.98,,Cass Art
,18:45,873693307.0,3286.6920602216387,-63.27,,Tesco
31/03/2023,00:00,986267641.0,4423.91725,,,Boots
31/03/2023,00:00,,1756.0248999999997,1712.0,,Happy Days Home
,23:59,726913482.0,76.57365147352459,740.0,257633312.0,
31/03/2023,00:00,648644594.0,2044.39945,,,Head
31/03/2023,09:54,162370388.0,902.0243499999996,,,Reebok
31/03/2023,14:12,298007503.0,3210.158755394138,,,Fat Face
31/03/2023,15:21,214765415.0,,-142.0,,Fat Face
31/03/2023,16:21,817294757.0,,-16.98,,Blackwell's
31/03/2023,16:26,116598243.0,1955.2970351462595,,,Tesco
01/04/2023,00:00,,2557.1530168795266,1842.5,,Pets Corner
01/04/2023,00:00,607629901.0,,-1193.0,,Halifax
31/03/2023,23:59,,1703.754150000001,-7.99,,Disney
,23:59,298000165.0,13509.979348425855,-18.99,,PureGym
31/03/2023,23:59,391688371.0,2529.6950886146187,,,PureGym
31/03/2023,,625281433.0,-478.630307370756,-100.0,,Grand Union BJJ
31/03/2023,,221868392.0,2556.070233554172,-5.99,,Mojang Studios
31/03/2023,,970298834.0,1526.106746563977,-12.99,,SquareOnix
31/03/2023,23:59,957821152.0,,-18.99,,PureGym
31/03/2023,23:59,760753808.0,,-14.99,,Blizzard
,23:59,954263768.0,43.62120000000005,-7.0,,Xbox
31/03/2023,,280990953.0,861.4728499999992,-7.99,,Disney
31/03/2023,,500051919.0,596.9417466505914,-7.99,,Amazon
31/03/2023,23:59,857754342.0,,-7.0,,Xbox
31/03/2023,23:59,179173981.0,3418.5295417968287,,,Blizzard
31/03/2023,23:59,227104649.0,2117.198134316174,,,Disney
01/04/2023,08:34,,816.8943888265225,-31.9,,Loosely Fitted
,09:59,422955974.0,225.15188499905005,-49.99,,Gamestation
,10:06,866941383.0,2234.905550000001,-71.97,,Brilliant Brushes
01/04/2023,10:27,324046160.0,,-22.0,,Sports Direct
01/04/2023,11:13,241459011.0,,-224.98,,Sports Direct
02/04/2023,08:52,905860285.0,,-9.62,,Boots
02/04/2023,13:31,,344.56722572854187,-32.5,,Loosely Fitted
02/04/2023,16:12,310620484.0,,-35.07,,Sports Direct
04/04/2023,20:24,200080192.0,,-39.71,,Tesco
,10:05,414454079.0,1993.2788500000004,-5.01,,Wool
,15:48,345514953.0,-130.6134000000004,-126.5,,Topshop
06/04/2023,18:11,,5732.638242167398,-267.4,,Topshop
07/04/2023,09:08,618138606.0,1647.0023,,,Coffee #1
07/04/2023,11:45,283027736.0,,-12.98,,The Works
08/04/2023,09:22,,1326.8129,-9.99,,The Works
,10:07,878989510.0,3518.0210000000066,-158.9,,Matalan
10/04/2023,,417850087.0,7714.75877651636,-6.2,,Starbucks
10/04/2023,,279149837.0,1598.294999999999,-42.95,,Blackwell's
10/04/2023,11:26,,6751.405918605536,-85.23,,Sports Direct
10/04/2023,15:26,352899149.0,,-73.78,,Sainsbury Local
10/04/2023,18:46,551196328.0,,-43.07,,Tesco
11/04/2023,,683078800.0,813.525119002638,-4.7,,Starbucks
,09:25,225210798.0,1706.3839827060897,-9.48,,Cass Art
,17:37,626989363.0,1198.1014610365662,-103.22,,Tesco
,04:49,574548998.0,-295.70185000000043,-35.89,,Deliveroo
13/04/2023,,490790931.0,268.0017999999994,-79.9,,Tesco
13/04/2023,17:55,169006407.0,,-28.02,,Sports Direct
,17:55,287230540.0,11.855465384462654,-62.98,,Sports Direct
15/04/2023,03:45,887853850.0,,-23.9,,Selfridges
,12:47,932820758.0,-1356.2250667755552,-50.36,,Tesco
16/04/2023,10:25,,2530.413089991617,-13.96,,Tesco
,10:39,992204045.0,5334.025050000005,-56.99,,Sports Direct
16/04/2023,18:03,,2069.552250070386,-275.1,,Matalan
17/04/2023,08:50,610450243.0,,-44.62,,Tesco
,09:33,405416860.0,1212.408548045535,-52.5,,Fat Face
17/04/2023,,587225252.0,2948.475550000003,-77.98,,Sports Direct
18/04/2023,03:38,134847904.0,1180.831600000002,,,JustEat
18/04/2023,06:22,200080192.0,4818.312325527182,,,Deliveroo
19/04/2023,09:13,,-20.566288268779207,-6.05,,Starbucks
19/04/2023,,690523499.0,529.0823499999996,-123.93,,Tesco
20/04/2023,,454129843.0,1954.6441726421544,-6.05,,Costa Coffee
,05:24,305778936.0,4542.6840979823455,-67.94,,Lloyds Pharmacy
21/04/2023,07:54,558119802.0,,-1.01,,Etsy
22/04/2023,09:23,,1932.205306365459,-128.18,,Tesco
22/04/2023,09:41,,3361.111127299483,-139.3,,Matalan
,15:22,760704118.0,1391.6160209193404,-60.19,,Topshop
22/04/2023,16:36,128033695.0,,-17.83,,Tesco
22/04/2023,17:17,,548.9073839253998,-82.0,,Sports Direct
23/04/2023,16:14,586315521.0,,-21.1,,Blackwell's
24/04/2023,18:11,,907.225411036566,-33.5,,Coop Local
,09:09,519935524.0,1298.028045873477,-2.43,,AMAZON
26/04/2023,08:57,943829984.0,706.539265885741,,,Sainsbury
27/04/2023,,284905540.0,4854.76927347772,-133.0,,Revella
,16:54,899742927.0,5784.383241264663,-279.51,,Tesco
28/04/2023,,822250278.0,4642.907710512184,-4.78,,Boots
28/04/2023,13:00,,-194.7167500000004,-76.91,,Tesco
29/04/2023,02:47,555804115.0,-1222.2218475587026,,,JustEat
29/04/2023,10:00,122884111.0,-343.0785830729717,,,The Works
29/04/2023,,666952234.0,-540.1145018755128,-69.77,,Tesco
30/04/2023,,486495235.0,2929.9629270954865,2870.0,,Jollyes
30/04/2023,,366477356.0,2107.0367500000007,-19.99,,Reebok
30/04/2023,13:02,651756497.0,,-35.96,,Stitch By Stitch
30/04/2023,13:28,929044080.0,746.9063915056288,,,Reebok
30/04/2023,14:38,,1810.7695533035733,-18.75,,Topshop
01/05/2023,00:00,422955974.0,1308.68833499905,,,Brilliant Brushes
01/05/2023,00:00,,2146.026972544176,-813.0,,Halifax
01/05/2023,,416060965.0,2055.9607813478046,-458.0,,LBG
01/05/2023,00:00,832564361.0,,-600.0,,LBG
30/04/2023,23:59,445240363.0,,-12.99,,SquareOnix
30/04/2023,23:59,155317149.0,478.9566999999995,,,PureGym
30/04/2023,,667367404.0,6750.589771444958,-7.0,,Xbox
30/04/2023,23:59,401293808.0,402.6121499999996,,,Blizzard
,23:59,626989363.0,1780.996116980784,-18.99,,PureGym
30/04/2023,23:59,,-127.26390133718157,-14.99,,Blizzard
30/04/2023,23:59,,-768.2215000000003,-100.0,,Grand Union BJJ
30/04/2023,23:59,859264768.0,,-7.99,,Disney
30/04/2023,,426466211.0,-1513.8832500000008,-5.99,,Mojang Studios
30/04/2023,23:59,,776.0944653844631,-15.99,,Netflix
30/04/2023,,357651163.0,-15.610000000000335,-7.0,,Xbox
30/04/2023,,493855007.0,-1613.9127815743936,-7.0,,Xbox
30/04/2023,23:59,,393.32112537584135,-14.99,,Blizzard
30/04/2023,,569687509.0,-498.01305,-7.0,,Xbox
,23:59,854895960.0,2791.526505258364,-15.99,,Netflix
30/04/2023,23:59,656781737.0,-3871.099999999999,,,Netflix
30/04/2023,23:59,449387287.0,560.2076938351015,,,Disney
30/04/2023,23:59,248625662.0,,-18.99,,PureGym
30/04/2023,23:59,668175891.0,,-15.99,,Netflix
,23:59,388862238.0,1558.848265470794,-7.99,,Disney
30/04/2023,23:59,199016328.0,,-7.0,,Xbox
30/04/2023,23:59,425964226.0,,-7.0,,Xbox
,23:59,240643705.0,130.00566036824125,-7.0,,Xbox
30/04/2023,23:59,630691258.0,659.4407014708461,,,Netflix
01/05/2023,,308068836.0,5791.094115237578,-22.48,,Topshop
01/05/2023,10:12,454356905.0,3709.2604825852704,,,Five Senses Art
01/05/2023,,310620484.0,-95.32508887242192,-25.05,,Sports Direct
02/05/2023,,322720763.0,6348.040469075711,-110.77,,Tesco
02/05/2023,09:18,618138606.0,,-5.8,,Coffee #1
02/05/2023,18:17,518474507.0,11087.704821382784,,,Fitted Stitch
03/05/2023,,108812033.0,692.7170499999993,-94.28,,Tesco
03/05/2023,,779236304.0,3791.3269472482752,-90.3,,Topshop
03/05/2023,12:05,570269025.0,,-69.98,,Sports Direct
04/05/2023,07:31,854513972.0,,-1090.0,703537476.0,
05/05/2023,,673025413.0,3603.41570433147,-27.35,,Loosely Fitted
05/05/2023,,518746136.0,-92.90022823691744,-78.46,,Tesco
06/05/2023,12:12,220183538.0,354.14714999999967,,,Matalan
06/05/2023,12:44,785210466.0,1832.2627064213848,,,Blackwell's
,10:43,183186021.0,-2131.875049999999,-56.95,,Tesco
,13:01,977899503.0,1573.5169527876435,-54.43,,Tesco
09/05/2023,09:13,478986718.0,,-16.61,,Tesco
,17:53,941285623.0,113.14939906677068,-6.99,,Matalan
10/05/2023,,310740977.0,0.6174730605412577,-90.96,,Topshop
10/05/2023,11:55,,3616.354999603569,-43.46,,Amazon
11/05/2023,17:22,769311479.0,3641.265700000002,,,The Works
12/05/2023,17:28,,4848.293581124307,-33.35,,Topshop
13/05/2023,13:13,248625662.0,-118.60271571514812,,,Tesco
,10:27,500051919.0,1265.6767966505913,-51.99,,Sports Direct
14/05/2023,,212560376.0,-90.49387422089782,-15.02,,The Works
,13:11,999752672.0,1451.0457204110387,-85.94,,Tesco
14/05/2023,14:06,,3457.064309595329,-26.97,,The Works
14/05/2023,15:46,,-403.8837000000003,-49.46,,Tesco
,19:39,547010927.0,12349.482059081232,-10.08,,Loosely Fitted
15/05/2023,11:49,,1647.4200000000017,-65.0,,Topshop
16/05/2023,11:22,479366718.0,,-99.5,,Topshop
18/05/2023,,441274121.0,7372.517133753093,,,Matalan
18/05/2023,,469561218.0,32.40589999999935,-88.84,,Tesco
19/05/2023,03:43,679662108.0,9302.575628220926,,,Tesco
19/05/2023,11:21,469330905.0,-322.2314631756838,,,Revella
19/05/2023,13:58,,-427.1430988501351,-191.0,,Fat Face
,18:58,450896297.0,7643.958400000002,-34.45,,Deliveroo
20/05/2023,,654329190.0,438.154411121464,-66.79,,Tesco
21/05/2023,,678330503.0,3567.233317114822,-11.87,,Lloyds Pharmacy
22/05/2023,08:33,348325817.0,6841.348691155159,,,Fitted Stitch
22/05/2023,09:31,264550521.0,6333.309758883541,,,AMAZON
22/05/2023,09:56,995615876.0,,-35.47,,Tesco
22/05/2023,18:18,,6684.339666254777,-32.8,,Amazon
23/05/2023,13:03,651372390.0,,-59.94,,Tesco
24/05/2023,,858989281.0,15815.178866771565,-16.24,,Deliveroo
24/05/2023,,767447966.0,3116.2174595953297,-13.98,,Five Senses Art
24/05/2023,12:36,933745726.0,605.1387064293236,,,Wool
,20:18,887156614.0,-151.23572104077297,-96.84,,Tesco
25/05/2023,04:23,,5163.855279182094,-12.42,,Lloyds Pharmacy
25/05/2023,07:30,,4792.715638307917,-54.61,,Topshop
25/05/2023,10:19,,2217.5337000000004,-34.98,,Blackwell's
,17:31,535804582.0,92.7718999999994,-49.0,,Topshop
,07:20,550169791.0,9773.46004018329,-3.37,,Etsy
28/05/2023,11:32,,7086.663646219439,-60.46,,Tesco
28/05/2023,12:10,977899503.0,,-102.52,,Tesco
,09:18,218795010.0,-424.8651000000002,-65.34,,Tesco
29/05/2023,09:21,198946608.0,,-118.78,,Tesco
29/05/2023,09:42,,-2204.952602290427,-26.0,,Tesco
29/05/2023,16:07,,2651.4528985709303,-32.09,,Sports Direct
,16:39,303843160.0,872.8549000000022,-82.99,,Sports Direct
30/05/2023,17:50,414805878.0,8074.676802198796,,,Tesco
,20:47,235663459.0,671.8724298120155,-47.05,,Tesco
30/05/2023,23:59,834581602.0,1519.6221499999997,,444371478.0,
30/05/2023,23:59,331684336.0,543.9550300486785,,250957494.0,
31/05/2023,00:00,,1164.8813,1545.0,,Vision Express
,12:39,145387690.0,4040.248648842962,-5.21,,Sainsbury
,17:29,370757362.0,92.64341278426636,-5.99,,Reebok
31/05/2023,17:41,296972867.0,,-88.99,,Sports Direct
,17:41,482513594.0,7632.309372159937,-22.09,,Sports Direct
31/05/2023,23:59,119993184.0,472.0076970891377,,384497904.0,
01/06/2023,00:00,,206.98759956777417,1675.0,,Kings Arms
01/06/2023,00:00,700138124.0,2558.1673000000005,,,Halifax
31/05/2023,23:59,,2417.456660458811,-12.99,,SquareOnix
31/05/2023,,512989907.0,-1454.7227039753668,-12.99,,SquareOnix
31/05/2023,23:59,627723633.0,-725.2453780037624,,,Xbox
31/05/2023,23:59,392790315.0,,-15.99,,Netflix
31/05/2023,23:59,217540156.0,-2232.672319999999,,,SquareOnix
,23:59,776108637.0,1703.0938291033142,-18.99,,PureGym
,23:59,973086490.0,7528.81882025045,-18.99,,PureGym
31/05/2023,23:59,,-1671.6034000000004,-5.99,,Mojang Studios
31/05/2023,23:59,,-973.01175,-18.99,,PureGym
,23:59,534583529.0,771.9676880547656,-15.99,,Netflix
31/05/2023,23:59,752362502.0,,-14.99,,Blizzard
31/05/2023,23:59,212560376.0,-158.81387422089784,,,PureGym
31/05/2023,23:59,,-669.0162500000002,-14.99,,Blizzard
31/05/2023,23:59,,350.36441400676057,-15.99,,Netflix
01/06/2023,,629078930.0,977.15967651146,-30.91,,Topshop
01/06/2023,07:17,,6712.177322312558,-10.77,,AMAZON
01/06/2023,12:21,896821055.0,,-65.99,,Sports Direct
,12:33,637433131.0,243.84069999999932,-79.98,,Sports Direct
01/06/2023,17:16,,1196.19262904434,-121.99,,Sports Direct
01/06/2023,17:18,180616589.0,,-51.49,,Brilliant Brushes
01/06/2023,17:48,370757362.0,992.7034127842662,,,Gamestation
,07:55,871200314.0,71.26620777080495,-50.0,,Rose & Crown
02/06/2023,08:36,122884111.0,,-48.17,,Tesco
02/06/2023,09:54,370521542.0,16809.54493653965,,,The Works
,15:59,797184978.0,-496.20406342698055,-338.8,,Fat Face
03/06/2023,10:26,767447966.0,,-109.97,,Gamestation
,10:40,165045150.0,269.69856140285594,-156.38,,Fat Face
03/06/2023,15:36,,381.1647952440842,-93.5,,Fat Face
,02:18,939972497.0,362.84390860001145,-21.98,,Deliveroo
04/06/2023,,945054126.0,762.0315999999998,-37.61,,Sainsbury
05/06/2023,09:47,970298834.0,,-27.99,,The Works
06/06/2023,,387957305.0,-1957.6911059800816,-37.39,,Tesco
07/06/2023,,370521542.0,16621.614770086762,-70.1,,Tesco
07/06/2023,10:02,,2622.2455323130835,-6.05,,Starbucks
,20:14,152488934.0,2225.225984080855,-15.22,,Fitted Stitch
,07:10,216285378.0,16273.500213579408,-38.25,,JustEat
09/06/2023,,637433131.0,-55.30040000000065,-143.2,,Tesco
,07:52,749378808.0,5570.763790036276,-2.68,,Selfridges
10/06/2023,16:12,,4200.850988397649,-34.11,,Cass Art
,12:01,603375739.0,2173.417680397442,-151.87,,Topshop
12/06/2023,09:16,409370545.0,1308.54877554552,,,Fat Face
13/06/2023,,660789920.0,-1850.2233473823728,-26.21,,Sainsbury
16/06/2023,03:40,264550521.0,,-10.33,,Revella
,08:53,390747457.0,320.4000999999988,-41.59,,Sainsbury
,17:41,344219145.0,5379.245959134938,-23.48,,Tesco
16/06/2023,20:56,,3211.43447597399,-32.86,,Lloyds Pharmacy
17/06/2023,,992204045.0,5840.008052397492,-12.98,,Blackwell's
17/06/2023,17:59,581655972.0,,-19.99,,Sports Direct
17/06/2023,18:55,,1053.5594513288788,-141.51,,Tesco
18/06/2023,10:29,,-1860.54105,-11.91,,Tesco
,10:54,348325817.0,8044.673861573849,-194.6,,Topshop
19/06/2023,,482513594.0,5351.820556804914,-40.98,,Tesco
19/06/2023,08:36,,-135.56255000000033,-95.82,,Sainsbury Local
19/06/2023,,868377987.0,1564.1466377251634,-55.99,,Sports Direct
20/06/2023,04:26,,4138.4818151616055,-31.45,,Deliveroo
22/06/2023,13:10,,609.0503452136805,-63.0,,Sports Direct
22/06/2023,,679911053.0,1249.276361556513,-18.98,,Sports Direct
22/06/2023,19:22,482513594.0,5130.354747299912,,,Sainsbury
23/06/2023,,473820682.0,8021.527869948593,-65.79,,Loosely Fitted
,17:47,266777719.0,-895.3545662197602,-52.5,,Fat Face
23/06/2023,,964702094.0,878.2158946396877,-51.05,,Tesco
24/06/2023,,849096144.0,1795.1422327948983,-144.21,,Tesco
24/06/2023,,587202562.0,12.36429941706902,-70.9,,Tesco
26/06/2023,01:06,,143.36528755035766,-38.14,,Deliveroo
26/06/2023,06:46,683319988.0,5773.230881632064,,,JustEat
26/06/2023,09:44,,338.47388805476567,-135.75,,Selfridges
26/06/2023,10:01,225210798.0,893.9686427090437,,,Cass Art
,16:29,964913066.0,-1263.4659500000002,-164.31,,Tesco
27/06/2023,08:12,454129843.0,,-5.65,,Starbucks
27/06/2023,09:40,,325.1543484940784,-157.0,,Fat Face
28/06/2023,08:23,613729471.0,5633.208447167737,,,Tesco
29/06/2023,,518474507.0,6717.732957189927,-22.58,,Deliveroo
29/06/2023,17:50,496395938.0,8405.961525576487,,,The Works
29/06/2023,,982949451.0,-1530.8816670525116,-660.0,348460748.0,
30/06/2023,,544961962.0,1491.744323005609,1943.0,,Happy Days Home
30/06/2023,06:55,176922958.0,1939.224446195169,,,Revella
30/06/2023,09:27,101531259.0,1057.6231499999997,,,Five Senses Art
,10:05,743630833.0,-203.28423671529868,-43.07,,Tesco
30/06/2023,,310740977.0,257.98547306054127,-47.99,,Reebok
30/06/2023,14:44,586041848.0,1094.122699999999,,,Matalan
,17:20,354894456.0,958.0799999999996,-22.0,,Sports Direct
30/06/2023,19:44,,3759.161065426455,-38.83,,Tesco
01/07/2023,,541639148.0,5428.184486910084,1596.0,,Westport Care Home
30/06/2023,,350921975.0,1391.0366710738745,-460.0,633362865.0,
01/07/2023,,550644516.0,1568.4210999999991,1620.1,,Costa Coffee
,00:00,296972867.0,-124.52400000000056,-1226.0,,Halifax
01/07/2023,,354894456.0,155.0899999999997,-753.0,,Halifax
01/07/2023,00:00,,-1928.1729533869495,-465.0,,Halifax
30/06/2023,,355602925.0,1514.8909520946024,-14.99,,Blizzard
30/06/2023,,950234174.0,1977.6943856075925,-7.0,,Xbox
30/06/2023,23:59,119943495.0,,-7.99,,Disney
,23:59,895331556.0,-372.3067000000004,-5.99,,Mojang Studios
30/06/2023,,711140907.0,1190.6604499999994,-15.99,,Netflix
,23:59,605116158.0,1989.7790999999984,-14.99,,Blizzard
,23:59,252419513.0,-786.1049358134161,-18.99,,PureGym
30/06/2023,,349107386.0,-2319.020973194564,-5.99,,Mojang Studios
30/06/2023,23:59,296770890.0,,-12.99,,SquareOnix
30/06/2023,23:59,145387690.0,5761.561977156166,,,SquareOnix
,23:59,358846516.0,1041.890422527218,-7.0,,Xbox
30/06/2023,,215311171.0,5307.887751074362,-7.0,,Xbox
30/06/2023,,919185264.0,3216.054031864941,-12.99,,SquareOnix
30/06/2023,,651756497.0,11385.315342808732,-7.99,,Amazon
30/06/2023,23:59,982286721.0,-2579.855524017732,,,Disney
,23:59,315546581.0,19634.019270646604,-18.99,,PureGym
,23:59,749371623.0,-1998.8866535173431,-7.99,,Disney
,23:59,893134725.0,1893.0689207068333,-12.99,,SquareOnix
,23:59,866941383.0,2863.9144000000024,-12.99,,SquareOnix
30/06/2023,23:59,,8455.97286957737,-12.99,,SquareOnix
30/06/2023,,741903302.0,3042.0075273217485,-14.99,,Blizzard
30/06/2023,,455831435.0,-487.1366548014945,-15.99,,Netflix
,07:12,482513594.0,6991.166190852369,-5.13,,Fat Face
01/07/2023,08:34,519933553.0,544.0030041507281,,,Tesco
01/07/2023,09:05,610645022.0,,-28.04,,Tesco
,10:16,424927189.0,212.73398274410536,-21.97,,The Works
01/07/2023,,477216513.0,436.4067000000008,-146.3,,Topshop
01/07/2023,17:39,854895960.0,,-134.99,,Sports Direct
02/07/2023,10:27,569687509.0,-1340.1478000000002,,,Tesco
02/07/2023,,886921642.0,4445.620356734298,-25.02,,Grand Union BJJ
03/07/2023,00:13,824916823.0,7174.818863909442,,,Fat Face
03/07/2023,00:27,,10626.292874514496,-30.18,,JustEat
03/07/2023,,633345190.0,7878.097270567565,-4.52,,Coop Local
03/07/2023,16:17,901432314.0,4600.5002416670895,,,Lloyds Pharmacy
,13:11,779620857.0,-330.8465963851757,-133.37,,Coop Local
05/07/2023,04:30,749378808.0,,-20.45,,JustEat
05/07/2023,09:20,924045955.0,1051.3075226586643,,,Tesco
,12:34,783650950.0,-715.5836434110113,-18.94,,JustEat
08/07/2023,,197050303.0,-66.96056743650479,-128.62,,Revella
08/07/2023,16:37,245690309.0,7408.99020514826,,,AMAZON
08/07/2023,17:03,475117511.0,,-55.3,,Selfridges
09/07/2023,07:22,,8113.939811360919,-21.42,,Tesco
10/07/2023,,806358207.0,9650.893030878398,-9.01,,Tesco
10/07/2023,12:43,280990953.0,,-129.98,,Sports Direct
11/07/2023,04:20,973086490.0,,-16.38,,Loosely Fitted
11/07/2023,04:37,,18195.169946296817,-37.28,,Deliveroo
11/07/2023,,943829984.0,1032.3755874006472,-21.18,,Tesco
11/07/2023,,392270893.0,8244.662557639496,-18.1,,Fat Face
,09:07,999752672.0,219.66779353333445,-6.15,,Coffee #1
12/07/2023,17:13,414805878.0,11569.627533500894,,,Loosely Fitted
13/07/2023,09:02,298007503.0,3093.598251282704,,,Revella
14/07/2023,07:07,270374623.0,,-19.7,,Revella
14/07/2023,17:15,203466392.0,,-30.67,,Matalan
14/07/2023,17:29,435984758.0,4588.39554151004,,,The Works
,06:01,973086490.0,7479.361471542104,-1.81,,Topshop
15/07/2023,07:41,822135975.0,,-34.24,,Etsy
15/07/2023,14:00,950234174.0,,-27.94,,Loosely Fitted
,01:20,310620484.0,656.1398695148082,-26.56,,Amazon
16/07/2023,,147508204.0,6.702217781886617,-68.99,,Sports Direct
16/07/2023,13:00,345582855.0,,-50.22,,Tesco
,17:44,551755686.0,5302.621664101516,-51.49,,Five Senses Art
,20:16,487051121.0,1953.9866625185136,-70.58,,Tesco
18/07/2023,09:09,,-136.50540000000046,-160.26,,Tesco
18/07/2023,,668175891.0,771.1308781480791,-154.98,,Sports Direct
18/07/2023,17:51,730002588.0,9462.45061337559,,,Topshop
19/07/2023,10:03,373875019.0,10044.809159802566,,,Tesco
20/07/2023,17:59,131388684.0,,-28.79,,Topshop
21/07/2023,06:17,609939116.0,5575.553967118138,,,Amazon
21/07/2023,06:58,252760664.0,,-4.74,,Tesco
22/07/2023,03:33,,8671.439143587191,-23.2,,Matalan
,12:57,194023154.0,-2066.522171784736,-52.54,,Tesco
,22:00,886921642.0,3166.389259061814,-11.69,,Amazon
23/07/2023,07:09,633345190.0,,-40.09,,Deliveroo
23/07/2023,16:52,660561861.0,,-115.5,,Loosely Fitted
24/07/2023,05:13,987656636.0,,-20.69,,Selfridges
26/07/2023,09:25,618138606.0,,-6.3,,Starbucks
27/07/2023,09:12,,947.74042904434,-71.23,,Tesco
,10:06,479456865.0,1425.2109851145433,-8.99,,Wool
27/07/2023,19:04,366477356.0,,-251.29,,Tesco
28/07/2023,09:26,331048953.0,,-117.43,,Tesco
28/07/2023,,248658670.0,-946.0142500000002,-67.39,,Tesco
28/07/2023,16:38,,2193.4436678179486,-10.33,,Brilliant Brushes
28/07/2023,18:30,,1654.3462379043306,-156.8,,Topshop
,11:47,297823329.0,337.3748999999997,-92.25,,Tesco
30/07/2023,,812692024.0,2819.244531651298,-35.0,,Sports Direct
,14:43,170637730.0,2360.0094017287443,-99.39,,Topshop
30/07/2023,15:54,314980178.0,,-102.89,,Fat Face
31/07/2023,,985188462.0,36.45463871122448,-49.35,,Deliveroo
31/07/2023,,532478725.0,3818.708814946379,-29.99,,JustEat
31/07/2023,09:14,,4904.70615,-6.5,,Costa Coffee
31/07/2023,,383833857.0,19517.438863131072,-12.15,,Blackwell's
31/07/2023,,703588001.0,1396.2217499999997,-50.98,,Reebok
,13:03,824218857.0,-2723.79116084543,-47.65,,Deliveroo
31/07/2023,,969804197.0,-1623.1812500000003,-61.03,,Tesco
31/07/2023,23:59,,82.60728427492143,680.0,565175333.0,
,00:00,204855464.0,765.3861113603843,1916.6,,Starbucks
31/07/2023,23:59,691789577.0,,-810.0,160166876.0,
,00:00,558875206.0,3548.70615,-1356.0,,LBG
01/08/2023,00:00,383625050.0,,-930.0,,LBG
01/08/2023,,454129843.0,2116.7356347426185,-790.0,,Halifax
01/08/2023,,403383649.0,1766.8762197683373,-471.0,,Halifax
31/07/2023,23:59,762859681.0,-256.849900000001,,,Netflix
31/07/2023,,678851253.0,6813.333827342839,-100.0,,Grand Union BJJ
,23:59,471897866.0,8397.432841626878,-15.99,,Netflix
31/07/2023,,403902116.0,1113.4516999999998,-7.0,,Xbox
31/07/2023,,788740658.0,5096.373800000001,-12.99,,SquareOnix
31/07/2023,23:59,124125096.0,,-15.99,,Netflix
,23:59,310375875.0,4378.43827947122,-15.99,,Netflix
31/07/2023,,475117511.0,7531.245842998639,-100.0,,Grand Union BJJ
31/07/2023,23:59,329840194.0,1851.8537301431477,,,PureGym
31/07/2023,,494789005.0,3523.182023178753,-18.99,,PureGym
31/07/2023,23:59,130522384.0,-339.4138156208608,,,PureGym
31/07/2023,23:59,,2519.779617335248,-14.99,,Blizzard
31/07/2023,,261793952.0,915.0292602038146,-7.99,,Disney
31/07/2023,23:59,821971408.0,,-7.99,,Disney
,23:59,575652395.0,1803.037805901777,-14.99,,Blizzard
31/07/2023,23:59,628470485.0,,-14.99,,Blizzard
31/07/2023,23:59,,-946.0498253207954,-12.99,,SquareOnix
31/07/2023,23:59,,-118.01444965118272,-18.99,,PureGym
31/07/2023,23:59,506618547.0,,-7.99,,Disney
31/07/2023,23:59,,9263.56691826256,-7.99,,Disney
31/07/2023,23:59,,778.6030283132384,-7.0,,Xbox
01/08/2023,06:48,647472692.0,,-43.34,,JustEat
01/08/2023,,666952234.0,145.80124812448707,-67.98,,JD Sports
01/08/2023,,162162212.0,-384.6743066726912,-27.96,,Blackwell's
01/08/2023,,720742759.0,1722.2345808830082,-231.44,,Tesco
02/08/2023,09:38,,2161.9025573766985,-21.97,,Blackwell's
02/08/2023,10:33,688712152.0,,-84.98,,Sports Direct
02/08/2023,16:55,,670.7231999999992,-34.98,,Five Senses Art
02/08/2023,17:28,126929801.0,,-99.99,,Sports Direct
03/08/2023,01:17,809499628.0,13213.431792202458,,,JustEat
03/08/2023,11:37,441142605.0,,-60.0,,Matalan
,17:54,287230540.0,1510.5148233330915,-77.98,,Sports Direct
03/08/2023,18:47,,-2185.8894663984643,-340.2,,Topshop
03/08/2023,,738958551.0,7107.981487149607,-32.36,,Etsy
,07:46,471897866.0,8256.90499450928,-44.7,,Etsy
,13:18,277562576.0,760.3023007346727,-5.7,,Costa Coffee
05/08/2023,21:02,256002321.0,,-7.0,,AMAZON
06/08/2023,11:45,558875206.0,,-1110.0,525524239.0,
,02:00,235881534.0,11097.544381416974,-58.01,,AMAZON
07/08/2023,09:43,547010927.0,20798.649434753454,,,Sports Direct
09/08/2023,,828532554.0,731.1179124552646,-37.99,,Sports Direct
09/08/2023,17:54,,5034.147110000004,-62.97,,Five Senses Art
,18:56,690523499.0,879.4296999999999,-7.98,,Hobby Lobby
10/08/2023,07:53,203466392.0,,-3.07,,Etsy
,14:32,678851253.0,4961.631252863524,-10.11,,Matalan
10/08/2023,17:49,,5577.210482067892,-14.98,,The Works
10/08/2023,,461029994.0,7420.53661815591,-81.48,,Hobby Lobby
12/08/2023,,151968462.0,6912.25713444002,-22.5,,Revella
12/08/2023,13:04,419084831.0,-128.0470755261032,,,Tesco
12/08/2023,,558119802.0,25609.34116463665,-12.26,,Hobby Lobby
13/08/2023,09:27,,7715.473851088742,-9.04,,Topshop
13/08/2023,11:25,859603181.0,4341.803144509004,,,Revella
13/08/2023,,859603181.0,4012.817144509004,-163.79,,Fat Face
,16:36,331450202.0,7003.555553253526,-94.5,,Matalan
14/08/2023,,237493332.0,11414.510712009636,-5.99,,JustEat
14/08/2023,05:44,613729471.0,,-20.12,,Loosely Fitted
,06:40,994214354.0,8000.477595313159,-33.35,,Deliveroo
14/08/2023,11:43,,-72.5306867152988,-67.39,,Tesco
14/08/2023,20:21,132400709.0,530.2920351539399,,,Tesco
15/08/2023,,482513594.0,6717.50802197327,-28.02,,Topshop
,04:28,973086490.0,8453.816110367658,-0.81,,Loosely Fitted
15/08/2023,11:29,,958.2551585888418,-98.0,,Fat Face
15/08/2023,17:35,365608668.0,,-89.97,,Five Senses Art
15/08/2023,18:03,,11786.07312550424,-43.12,,Deliveroo
16/08/2023,,887853850.0,9501.124050246954,-19.54,,Deliveroo
16/08/2023,,655368335.0,4440.525452182143,-226.8,,Revella
16/08/2023,10:46,578131296.0,,-60.0,,Loosely Fitted
17/08/2023,06:01,324224854.0,5379.601277195482,,,Fitted Stitch
17/08/2023,,510101371.0,10378.85931460635,-38.08,,Deliveroo
,08:03,588565416.0,6679.673555032649,-41.04,,Fat Face
19/08/2023,13:24,486495235.0,714.2641393887161,,,Loosely Fitted
21/08/2023,05:36,,12423.040566924794,-10.27,,Lloyds Pharmacy
21/08/2023,,383833857.0,17951.669749158445,-67.41,,Tesco
21/08/2023,09:50,,3665.055300000002,-92.85,,Tesco
21/08/2023,10:12,,7788.866111470487,-55.54,,Matalan
21/08/2023,17:27,162162212.0,186.2746933273088,,,Tesco
22/08/2023,10:17,,3575.611352973815,-164.49,,Revella
,11:44,901432314.0,3485.311352973815,-90.3,,Revella
22/08/2023,16:23,,490.8541232450227,-94.97,,Five Senses Art
22/08/2023,17:49,792845450.0,,-97.3,,Topshop
,19:04,460463595.0,-1575.6679454185787,-43.59,,JustEat
23/08/2023,02:19,,6032.816026365256,-48.89,,Topshop
23/08/2023,,851181128.0,3182.703206576635,-26.48,,JustEat
23/08/2023,07:23,,4312.685265411281,-7.01,,AMAZON
23/08/2023,20:42,188263947.0,-183.15024999999972,,,Tesco
24/08/2023,,131388684.0,17671.49274130761,-11.62,,Fitted Stitch
24/08/2023,18:24,,1943.5705538105192,-32.19,,Hobby Lobby
24/08/2023,,887853850.0,8824.76284118066,-21.74,,JustEat
25/08/2023,,851649498.0,8225.451146305917,-31.3,,Fat Face
25/08/2023,06:47,668329719.0,,-19.66,,Fat Face
,15:40,331048953.0,-744.0656320215064,-76.59,,Tesco
26/08/2023,06:52,639409800.0,27012.426426412407,,,Matalan
26/08/2023,06:59,822250278.0,5809.038013149108,,,Tesco
26/08/2023,,815993333.0,899.9351418581277,-71.21,,Matalan
26/08/2023,08:56,719742742.0,,-99.43,,Tesco
,10:03,187541224.0,5175.736958394398,-6.11,,The Works
26/08/2023,11:25,454129843.0,239.7800487975245,,,Blackwell's
26/08/2023,,836110591.0,5524.753252142533,-41.97,,Deliveroo
26/08/2023,19:41,670427480.0,1318.6186000000007,,,Tesco
,07:52,252760664.0,4714.007559510562,-1.4,,AMAZON
,01:56,815385232.0,7057.320357347174,-18.2,,JustEat
28/08/2023,,610450243.0,-1654.9296,-29.23,,Tesco
,09:46,403383649.0,1082.1115748155369,-16.99,,Blackwell's
29/08/2023,05:42,,5414.283154209563,-35.65,,JustEat
29/08/2023,,815385232.0,7047.556203943396,-4.19,,Topshop
29/08/2023,13:06,688712152.0,,-7.5,,Starbucks
29/08/2023,,964913066.0,-1963.9997000000003,-16.72,,Tesco
30/08/2023,,435984758.0,4112.093250740554,-18.69,,Fitted Stitch
30/08/2023,08:28,,17235.833597015524,-17.5,,Tesco
30/08/2023,08:41,822135975.0,9832.881672625572,,,Tesco
31/08/2023,00:00,895331556.0,1051.4205999999997,,,Stitch By Stitch
31/08/2023,23:59,336557504.0,2583.6400891085354,,578131296.0,
,23:59,979135922.0,1590.48080059045,2220.0,616924659.0,
01/09/2023,00:00,138351025.0,-301.3234500000001,,,Halifax
31/08/2023,23:59,639549973.0,7060.583110265778,,,Blizzard
31/08/2023,23:59,492215823.0,1881.1025738154424,,,Netflix
31/08/2023,23:59,220183538.0,926.4253999999996,,,Disney
,23:59,133755851.0,853.3255124940042,-7.99,,Disney
31/08/2023,23:59,,-1097.7134318426824,-18.99,,PureGym
31/08/2023,23:59,266777719.0,359.68643378023967,,,PureGym
31/08/2023,23:59,,106.55082878355633,-18.99,,PureGym
31/08/2023,,912584712.0,596.855619544733,-12.99,,SquareOnix
31/08/2023,,291128777.0,-2496.30894052637,-5.99,,Mojang Studios
,23:59,494156986.0,-145.71415432766497,-18.99,,PureGym
,23:59,189757473.0,-1942.8986500000008,-18.99,,PureGym
31/08/2023,23:59,348460748.0,,-18.99,,PureGym
31/08/2023,,610450243.0,-1206.8896,-18.99,,PureGym
31/08/2023,,143003091.0,19835.5291390266,-15.99,,Netflix
31/08/2023,,519933553.0,-659.0764958492716,-18.99,,PureGym
,23:59,604334058.0,387.8525999999995,-7.99,,Amazon
,23:59,998405607.0,-827.3814999999979,-100.0,,Grand Union BJJ
01/09/2023,,678330503.0,4435.103776344541,-35.14,,Selfridges
01/09/2023,06:53,679911053.0,,-3.35,,Fitted Stitch
01/09/2023,10:10,873701090.0,,-5.0,,Blackwell's
01/09/2023,11:34,454356905.0,3339.680319515169,,,Fat Face
01/09/2023,,287480331.0,11763.451199873696,-23.55,,JustEat
01/09/2023,15:34,347110339.0,,-141.98,,Sports Direct
01/09/2023,16:57,129018172.0,,-33.99,,Sports Direct
01/09/2023,18:51,593191200.0,,-64.4,,Tesco
02/09/2023,06:29,,8239.52213118863,-1.87,,Fat Face
02/09/2023,12:52,570269025.0,2576.5254129023497,,,Blackwell's
02/09/2023,,361955473.0,-278.7895547559156,-62.5,,Fat Face
03/09/2023,09:27,492058070.0,,-56.91,,The Works
03/09/2023,13:10,,5949.243176774825,-15.32,,Brilliant Brushes
04/09/2023,05:27,769311479.0,,-51.21,,Amazon
04/09/2023,16:04,127809299.0,,-180.38,,Fat Face
04/09/2023,18:03,,12273.449291273768,-30.84,,JustEat
04/09/2023,18:20,979135922.0,-1771.9691994095492,,,Topshop
05/09/2023,09:13,663479159.0,1151.9313418277086,,,The Works
05/09/2023,18:22,,,-19.19,,Deliveroo
06/09/2023,,450896297.0,12680.372244202445,-25.43,,JustEat
06/09/2023,07:58,873693307.0,,-11.79,,Etsy
06/09/2023,10:11,549414742.0,7131.487650373061,,,Five Senses Art
,16:44,233981231.0,1944.6384947815136,-33.75,,Tesco
06/09/2023,17:21,106601471.0,9312.075719531244,,,Revella
07/09/2023,05:11,897714622.0,8650.504282027183,,,Matalan
07/09/2023,,618514666.0,18409.95644726166,-49.99,,Five Senses Art
08/09/2023,,516051449.0,2126.565509014292,-18.97,,The Works
08/09/2023,,885259672.0,3754.9613874585248,-62.29,,Fat Face
08/09/2023,18:47,,702.9845607360002,-81.25,,Tesco
08/09/2023,,696758548.0,-3033.932896320138,-25.45,,Tesco
10/09/2023,01:49,,11448.442021854724,-36.55,,Coop Local
10/09/2023,15:22,857997794.0,295.3286651508873,,,Tesco
11/09/2023,08:35,,12478.45671934098,-37.49,,Tesco
11/09/2023,08:35,419084831.0,-160.70392552610312,,,Tesco
,09:32,986774156.0,768.3229316257678,-217.67,,Fat Face
12/09/2023,,223207876.0,73.34410000000007,-110.2,,Sports Direct
12/09/2023,,858560423.0,10774.295645306976,-40.99,,Sports Direct
13/09/2023,08:35,511179916.0,,-59.9,,Lloyds Pharmacy
13/09/2023,10:15,,3553.177450000009,-153.3,,Revella
14/09/2023,09:15,581655972.0,37904.45094116176,,,Coffee #1
,17:16,885259672.0,3618.3118172382888,-13.92,,Coop Local
14/09/2023,17:25,,10577.855006343549,-31.06,,Tesco
14/09/2023,18:09,195895574.0,,-25.19,,Deliveroo
15/09/2023,,450896297.0,12195.112216043744,-25.09,,JustEat
15/09/2023,04:29,,11118.250972561276,-44.42,,Matalan
15/09/2023,,461029994.0,5872.238375914818,-54.29,,Tesco
16/09/2023,,690958123.0,17342.925827720213,-29.31,,Boots
16/09/2023,09:24,624500124.0,,-23.53,,Five Senses Art
17/09/2023,11:01,508518911.0,-378.3052497209896,,,Revella
,14:21,508518911.0,-505.6352497209895,-53.17,,Topshop
18/09/2023,04:21,809499628.0,14532.828864640802,,,JustEat
18/09/2023,10:52,,1332.58055000001,-217.12,,Tesco
19/09/2023,03:31,809499628.0,14493.094563564617,,,Deliveroo
19/09/2023,08:28,873693307.0,,-42.78,,Tesco
19/09/2023,18:39,475117511.0,,-235.2,,Fat Face
20/09/2023,08:03,719586818.0,16651.59864484684,,,Fitted Stitch
,18:47,892354433.0,-1641.9599606343386,-53.85,,Tesco
21/09/2023,,149684419.0,463.54649999999833,-53.05,,Tesco
21/09/2023,17:29,,30575.810799999963,-36.98,,Five Senses Art
,03:22,654329190.0,-156.65944905148066,-22.65,,Deliveroo
22/09/2023,04:47,,11285.736966726405,-2.27,,Sainsbury
22/09/2023,07:21,558119802.0,,-17.17,,AMAZON
23/09/2023,05:30,,5916.378559588449,-6.38,,Fitted Stitch
23/09/2023,09:36,290818242.0,5869.068559588449,,,Sports Direct
23/09/2023,13:46,,-1422.3531499999997,-28.16,,Tesco
24/09/2023,05:19,398429109.0,-485.4568999999991,,,JustEat
24/09/2023,06:45,851649498.0,,-5.57,,Sainsbury
24/09/2023,12:24,,1618.043902313933,-27.48,,Five Senses Art
24/09/2023,13:17,761272540.0,-154.0587500000011,,,Tesco
25/09/2023,08:38,901432314.0,,-6.65,,Revella
25/09/2023,09:07,137913631.0,,-22.92,,Tesco
26/09/2023,,899742927.0,11552.018362471545,-11.43,,Etsy
26/09/2023,07:09,264550521.0,,-38.54,,Sainsbury
27/09/2023,05:21,,37160.4743678759,-12.27,,Amazon
27/09/2023,09:07,,15399.285169619305,-5.35,,Starbucks
27/09/2023,17:20,,3129.832272761367,-31.92,,Stitch By Stitch
27/09/2023,17:35,,1923.3458500000047,-97.98,,Sports Direct
,20:30,423208402.0,1654.0833000000025,-77.75,,Tesco
,08:47,979122276.0,-312.52903770567127,-77.85,,Tesco
29/09/2023,10:38,930277104.0,,-49.62,,Amazon
30/09/2023,08:11,143003091.0,,-6.14,,Amazon
,09:23,245198540.0,924.6313988017796,-69.98,,Sports Direct
,09:32,857455726.0,16.05388587568429,-11.98,,Reebok
30/09/2023,10:15,631111289.0,,-35.0,,Sports Direct
01/10/2023,00:00,355940285.0,,-1233.0,,LBG
01/10/2023,00:00,962295212.0,-3803.7576499999977,,,Halifax
01/10/2023,00:00,933491926.0,,-585.0,,LBG
30/09/2023,23:59,534583529.0,,-15.99,,Netflix
,23:59,671824917.0,-713.6632000000003,-7.99,,Disney
30/09/2023,23:59,939972497.0,,-15.99,,Netflix
30/09/2023,,842682241.0,6300.080982160805,-12.99,,SquareOnix
30/09/2023,,834581602.0,830.5972499999991,-14.99,,Blizzard
30/09/2023,,690941877.0,-27.865038482508105,-15.99,,Netflix
30/09/2023,23:59,,4378.275666544273,-14.99,,Blizzard
30/09/2023,,910730524.0,8275.685760689114,-5.99,,Mojang Studios
30/09/2023,23:59,,-2199.01128649924,-5.99,,Mojang Studios
30/09/2023,23:59,329840194.0,2039.106730143148,,,SquareOnix
,23:59,221356538.0,679.3917999999996,-7.99,,Amazon
30/09/2023,23:59,,7531.562551514788,-7.0,,Xbox
30/09/2023,23:59,,23321.091805952183,-5.99,,Mojang Studios
30/09/2023,23:59,349107386.0,,-7.0,,Xbox
30/09/2023,23:59,336171116.0,-425.5345500000004,,,SquareOnix
30/09/2023,,901432314.0,4529.579720218268,-7.99,,Amazon
30/09/2023,,248625662.0,-1019.5469157151474,-7.99,,Amazon
30/09/2023,23:59,517190750.0,,-100.0,,Grand Union BJJ
01/10/2023,00:32,885259672.0,,-27.86,,Boots
01/10/2023,02:27,,17675.702301694535,-7.74,,Matalan
01/10/2023,04:16,,5816.678626752437,-26.47,,JustEat
01/10/2023,,549414742.0,7742.105389242677,-2.33,,Boots
01/10/2023,09:54,264550521.0,,-10.03,,The Works
01/10/2023,10:00,134461671.0,,-40.03,,The Works
,10:30,127809299.0,1928.754868947285,-95.5,,Tesco
01/10/2023,10:58,,556.6112602038148,-20.01,,Sports Direct
01/10/2023,13:23,,9126.678079830252,-61.18,,Sports Direct
01/10/2023,14:01,,502.5705995677742,-99.2,,Tesco
02/10/2023,08:24,,6810.854130244786,-69.71,,Amazon
02/10/2023,11:18,865748375.0,,-7.36,,Boots
02/10/2023,17:11,642924505.0,293.1704201835261,,,Tesco
,06:28,532478725.0,5103.752093654672,-31.36,,JustEat
03/10/2023,08:13,752362502.0,10246.189638624355,,,AMAZON
03/10/2023,,857455726.0,-1499.9261141243155,-85.0,,Matalan
04/10/2023,,842682241.0,6069.215888849613,-54.37,,Etsy
04/10/2023,10:53,572384506.0,11106.86673157283,,,Tesco
05/10/2023,09:24,506618547.0,,-5.1,,Starbucks
,11:28,903953091.0,3481.9460389956635,-36.95,,The Works
05/10/2023,,316793091.0,1007.990010054951,-82.07,,Tesco
06/10/2023,10:20,473820682.0,,-23.62,,Five Senses Art
07/10/2023,12:46,975200042.0,-2925.852699999997,,,Tesco
08/10/2023,,435984758.0,4559.633198748027,-3.64,,Topshop
08/10/2023,03:53,417850087.0,,-12.47,,Lloyds Pharmacy
08/10/2023,06:31,,4196.836987015427,-2.94,,Loosely Fitted
08/10/2023,09:19,,10319.261604853637,-23.01,,The Works
08/10/2023,11:33,,3995.1905683096966,-70.69,,Matalan
09/10/2023,09:13,618138606.0,,-5.5,,Coffee #1
,17:55,851649498.0,10211.92642589629,-91.31,,Tesco
09/10/2023,,965038148.0,-612.9500143676722,-38.15,,Tesco
11/10/2023,06:42,987163717.0,,-36.65,,JustEat
11/10/2023,10:20,873701090.0,,-57.29,,Tesco
,04:09,235881534.0,12588.302684081646,-42.6,,Etsy
12/10/2023,05:56,,7512.293788764475,-17.37,,Boots
12/10/2023,07:15,865748375.0,3674.184412550369,,,Matalan
12/10/2023,09:50,493640090.0,,-56.42,,Tesco
,17:50,405945930.0,4584.23330688924,-25.97,,The Works
,06:32,809499628.0,16470.577528232956,-13.89,,Deliveroo
13/10/2023,08:54,667367404.0,,-7.9,,Costa Coffee
,16:00,329840194.0,258.310890143148,-44.16,,Sports Direct
13/10/2023,16:56,,8503.339641137027,-62.89,,Topshop
,17:38,858989281.0,26243.971605012517,-30.32,,The Works
13/10/2023,19:28,408057540.0,,-38.18,,Deliveroo
14/10/2023,05:23,,9607.068191395574,-34.64,,Topshop
14/10/2023,05:31,,18711.771718732605,-24.42,,Tesco
14/10/2023,08:28,,16439.046654529036,-31.53,,Selfridges
,11:01,448004226.0,1861.308710862856,-103.24,,Tesco
15/10/2023,09:29,951817450.0,9603.104469557216,,,Loosely Fitted
15/10/2023,10:35,500843551.0,535.6938999999995,,,Fat Face
,19:48,256002321.0,5806.7324733706255,-13.89,,Deliveroo
16/10/2023,,133755851.0,2.058541618011418,-780.0,857455726.0,
16/10/2023,14:58,970298834.0,2849.9858191716785,,,Five Senses Art
17/10/2023,17:36,,3024.3745547156614,-25.0,,Sports Direct
18/10/2023,02:21,,5457.247751699125,-18.19,,Deliveroo
18/10/2023,04:14,,6768.168538624891,-15.24,,JustEat
18/10/2023,08:53,699139822.0,1350.518203374609,,,Coop Local
18/10/2023,17:31,237493332.0,13738.606551480963,,,Sports Direct
19/10/2023,17:49,489964679.0,,-179.19,,Loosely Fitted
19/10/2023,20:37,229205098.0,6954.634412662117,,,Revella
20/10/2023,18:15,475117511.0,,-66.91,,Tesco
21/10/2023,,741903302.0,1999.7140650141248,-5.4,,Coffee #1
21/10/2023,09:37,314980178.0,,-61.63,,Tesco
21/10/2023,09:45,482513594.0,,-53.94,,Tesco
,10:03,541639148.0,4137.723837185661,-198.07,,Revella
21/10/2023,12:46,887853850.0,10059.394915923696,,,JustEat
21/10/2023,,361201224.0,2703.575322316144,-20.07,,Sports Direct
22/10/2023,10:13,779946617.0,15728.46731779454,,,Revella
,14:06,856957948.0,9156.864187619512,-16.97,,The Works
23/10/2023,,399144202.0,1365.2194545723569,-30.29,,JustEat
,09:39,198946608.0,3294.9612258966467,-22.04,,The Works
,03:46,706250160.0,11183.97687145317,-67.67,,Topshop
24/10/2023,09:16,887156614.0,-1280.2996710407738,,,Tesco
25/10/2023,04:27,,7168.734037475944,-16.53,,Amazon
26/10/2023,04:02,858989281.0,,-75.74,,Sainsbury Local
26/10/2023,05:19,678851253.0,2923.726660784901,,,Amazon
26/10/2023,09:18,287480331.0,,-143.89,,Sports Direct
27/10/2023,06:09,912705941.0,,-32.97,,Loosely Fitted
27/10/2023,,986267641.0,6693.354377506029,-75.45,,Lloyds Pharmacy
,16:45,679911053.0,1916.9779425350955,-39.98,,Brilliant Brushes
,01:03,270374623.0,8958.250593469458,-62.53,,Sainsbury Local
28/10/2023,07:50,,12824.79447724168,-1.83,,Loosely Fitted
28/10/2023,18:19,611143859.0,-828.6426999999885,,,Matalan
29/10/2023,10:19,,2978.603642311916,-6.01,,Grand Union BJJ
29/10/2023,12:49,,7890.27506533524,-102.89,,Topshop
,00:00,683078800.0,4319.969452944871,3126.0,,LBG
31/10/2023,,822718326.0,13278.900117637952,3333.0,,Boots
,00:00,235881534.0,14597.697701941355,2600.0,,Lloyds Pharmacy
31/10/2023,00:00,,5123.962899570015,1675.0,,Collector Cave
31/10/2023,00:00,871866387.0,,1712.0,,Happy Days Home
,00:00,188263947.0,3123.4517500000006,3485.0,,University College Hospital
31/10/2023,02:30,216285378.0,22259.479384634917,,,JustEat
31/10/2023,,895750759.0,29.509861924334206,-21.91,,Tesco
31/10/2023,16:44,939972497.0,,-25.96,,The Works
31/10/2023,23:59,812012103.0,-781.9043000000004,,291580432.0,
01/11/2023,00:00,506618547.0,,-1143.0,,Halifax
01/11/2023,,760704118.0,1762.580312717489,-639.0,,Halifax
,00:00,673025413.0,3919.0288278973658,-889.0,,LBG
,00:00,403902116.0,746.3882499999993,-860.0,,LBG
31/10/2023,23:59,607629901.0,-4326.078319908143,,,SquareOnix
31/10/2023,23:59,183546640.0,,-12.99,,SquareOnix
31/10/2023,23:59,892354433.0,,-14.99,,Blizzard
31/10/2023,23:59,454129843.0,,-7.0,,Xbox
31/10/2023,23:59,337184232.0,,-7.99,,Disney
31/10/2023,23:59,,442.581394387802,-14.99,,Blizzard
31/10/2023,23:59,,10147.009826751862,-100.0,,Grand Union BJJ
31/10/2023,23:59,467207141.0,,-5.99,,Mojang Studios
31/10/2023,23:59,,4908.343095660437,-5.99,,Mojang Studios
31/10/2023,23:59,815385232.0,,-15.99,,Netflix
31/10/2023,23:59,788740658.0,,-12.99,,SquareOnix
31/10/2023,23:59,285220959.0,,-7.99,,Disney
31/10/2023,,920031185.0,-791.7290705162922,-15.99,,Netflix
31/10/2023,23:59,337771621.0,-2829.2626499999988,,,Blizzard
31/10/2023,23:59,,249.3204999999992,-18.99,,PureGym
31/10/2023,,106601471.0,11413.10461466168,-15.99,,Netflix
31/10/2023,,399538448.0,8382.55317365262,-7.0,,Xbox
31/10/2023,23:59,895750759.0,,-14.99,,Blizzard
31/10/2023,,131388684.0,23944.848016033386,-14.99,,Blizzard
31/10/2023,23:59,,1292.5725999999993,-15.99,,Netflix
31/10/2023,23:59,,-508.4139013371817,-7.0,,Xbox
01/11/2023,,151968462.0,8300.953833293162,-4.93,,Revella
01/11/2023,05:33,,25394.627384634907,-41.97,,JustEat
01/11/2023,10:53,615144184.0,,-29.98,,Sports Direct
01/11/2023,18:37,,5678.474418139471,-21.97,,Hobby Lobby
02/11/2023,03:01,,3803.963296479624,-4.99,,Topshop
02/11/2023,,550169791.0,23102.300593127584,-21.39,,Tesco
03/11/2023,06:52,,1801.5321271347584,-36.42,,JustEat
03/11/2023,16:24,527842638.0,1106.8248426329835,,,Sainsbury
03/11/2023,19:18,490868147.0,,-130.89,,Tesco
04/11/2023,03:47,145387690.0,5852.254029317613,,,Deliveroo
,03:50,662610817.0,-1153.266831324928,-31.2,,JustEat
,04:34,736340277.0,9598.777155671542,-16.85,,Deliveroo
04/11/2023,09:52,,171.34065957801454,-149.99,,Reebok
04/11/2023,10:26,482513594.0,,-51.17,,Amazon
04/11/2023,17:51,336557504.0,,-127.0,,Selfridges
05/11/2023,,221868392.0,5412.123519229305,-15.52,,Amazon
05/11/2023,10:13,,2358.281392731244,-24.75,,Amazon
,11:47,698955014.0,1282.1820302031967,-30.99,,Sports Direct
,12:01,824916823.0,9190.77614532994,-10.29,,Hobby Lobby
05/11/2023,12:38,108812033.0,,-67.55,,Tesco
05/11/2023,13:25,252419513.0,-2260.8961858134157,,,Tesco
05/11/2023,15:39,,5998.609629365963,-119.0,,Loosely Fitted
05/11/2023,17:00,,5773.209629365962,-163.1,,Matalan
06/11/2023,04:43,806358207.0,,-16.79,,Loosely Fitted
06/11/2023,,496395938.0,12923.591068229156,-33.25,,Coop Local
06/11/2023,10:14,519644021.0,,-13.05,,Sports Direct
06/11/2023,,147474476.0,3670.87080283296,-6.99,,The Works
,18:00,491392945.0,5723.97350000001,-59.99,,Reebok
06/11/2023,20:46,833899961.0,1399.6041442498693,,,Tesco
,13:49,391688371.0,389.16939115850016,-145.6,,Topshop
,17:28,905860285.0,11824.148608782114,-33.63,,Deliveroo
,18:06,424397946.0,1085.4977836054002,-104.24,,Sainsbury
08/11/2023,08:33,,2423.298053303574,-49.96,,Tesco
,10:28,165691047.0,456.65159999999895,-25.0,,Fat Face
,18:18,876890798.0,3884.820970699933,-22.5,,Tesco
09/11/2023,19:48,,5656.46550000001,-26.01,,Tesco
10/11/2023,01:43,421881811.0,2780.461126525592,,,Boots
10/11/2023,,785749304.0,8884.744724078499,-0.99,,Sainsbury Local
10/11/2023,16:00,158414827.0,-1486.9800000000018,,,Tesco
,20:03,873701090.0,556.01109169648,-85.43,,Tesco
,04:13,287480331.0,7840.480998756533,-9.74,,Boots
12/11/2023,10:31,,122.2808994831839,-47.84,,Tesco
12/11/2023,10:56,887853850.0,10675.5090312643,,,Tesco
,11:34,165691047.0,126.98019999999892,-28.7,,Tesco
12/11/2023,12:19,500051919.0,,-105.98,,Sports Direct
12/11/2023,14:12,711045550.0,,-95.26,,Tesco
13/11/2023,,489964679.0,21017.105594614564,-27.17,,JustEat
13/11/2023,,554792076.0,29601.102215730403,-80.85,,Coop Local
13/11/2023,,727417797.0,5829.53434847887,-166.98,,Sports Direct
,11:58,679943657.0,2417.2528891801376,-211.37,,Fat Face
13/11/2023,,779376323.0,3512.74583398134,-26.91,,Tesco
13/11/2023,17:06,414454079.0,349.2078500000015,,,Wool
14/11/2023,,290818242.0,7261.896368764662,-6.2,,Coffee #1
14/11/2023,17:44,824916823.0,,-6.18,,A Yarn Story
,18:18,535804582.0,1763.9610499999987,-49.99,,Craftastic
15/11/2023,04:16,,6267.687554565722,-18.95,,Fitted Stitch
15/11/2023,06:58,639549973.0,7372.690274387508,,,Sainsbury
15/11/2023,,939972497.0,1140.6391086000106,-80.98,,Topshop
16/11/2023,07:23,,1372.31165,1320.0,121858569.0,
16/11/2023,08:40,,4066.750764114708,-65.84,,Tesco
16/11/2023,15:04,,385.46407577694697,-173.6,,Fat Face
16/11/2023,,383833857.0,26240.14467415825,-14.49,,Deliveroo
17/11/2023,03:42,450896297.0,13603.154999537244,,,JustEat
17/11/2023,04:42,623156843.0,4600.020615724917,,,Etsy
17/11/2023,06:48,639409800.0,,-13.96,,Boots
17/11/2023,,383833857.0,26231.149822546,-5.0,,Starbucks
17/11/2023,,479456865.0,1754.7994995833055,-28.0,,Sports Direct
18/11/2023,12:45,,1581.0894415763798,-101.45,,Sainsbury Local
19/11/2023,10:28,786879739.0,,-53.36,,Tesco
19/11/2023,13:15,340321732.0,,-5.35,,Coffee #1
19/11/2023,15:20,425964226.0,,-85.16,,Sports Direct
20/11/2023,04:54,,5721.624620473015,-45.54,,Tesco
20/11/2023,17:37,876890798.0,,-9.99,,Sports Direct
20/11/2023,20:06,,1693.7704142021826,-103.44,,Tesco
22/11/2023,05:46,441274121.0,12307.20440255932,,,Matalan
22/11/2023,07:15,170637730.0,,-15.23,,Boots
,08:33,189335192.0,-1418.1239517578606,-121.81,,Tesco
,09:27,659415300.0,1485.9615805359597,-18.0,,Hobby Lobby
23/11/2023,11:11,409370545.0,,-119.0,,Topshop
24/11/2023,04:57,722358036.0,,-27.83,,JustEat
24/11/2023,09:48,,715.2629499999996,-56.98,,Five Senses Art
24/11/2023,20:21,417850087.0,,-42.62,,Etsy
25/11/2023,04:14,,11173.92960432317,-6.4,,Coop Local
25/11/2023,12:52,858989281.0,,-5.99,,Deliveroo
,08:18,143003091.0,10320.862353036977,-28.63,,Loosely Fitted
26/11/2023,,749378808.0,1350.1291626497275,-28.72,,Deliveroo
,07:07,108931112.0,14164.953206981689,-41.1,,Deliveroo
27/11/2023,10:14,383833857.0,25704.136789425957,,,Blackwell's
27/11/2023,,456246119.0,21429.78939884565,-21.98,,Five Senses Art
28/11/2023,,785749304.0,8166.1571219325,-32.35,,Matalan
,14:56,421881811.0,1736.467075202023,-47.33,,Sainsbury
,23:59,364357875.0,8270.977400039646,840.0,833499132.0,
30/11/2023,00:00,822718326.0,14588.708001111883,,,Boots
29/11/2023,23:59,175452235.0,-500.5482499999996,,835736339.0,
30/11/2023,04:14,,41090.57483683588,-36.26,,Coop Local
30/11/2023,,823208989.0,1122.6117038695318,-54.6,,Topshop
30/11/2023,16:52,766812921.0,,-41.97,,Five Senses Art
30/11/2023,,196289502.0,19247.581189086646,-14.95,,Fitted Stitch
,23:59,993238248.0,-132.7014873928839,540.0,448279144.0,
30/11/2023,23:59,310375875.0,,580.0,903663593.0,
30/11/2023,23:59,,1826.0416302031967,-1270.0,660561861.0,
01/12/2023,00:00,,-731.0363000000009,-1226.0,,Halifax
,23:59,229502829.0,-4081.005424186246,-12.99,,SquareOnix
30/11/2023,23:59,,-1043.8932000000004,-7.99,,Disney
,23:59,671824917.0,-1062.8832000000004,-18.99,,PureGym
30/11/2023,23:59,,11517.049528946483,-15.99,,Netflix
30/11/2023,23:59,623156843.0,,-12.99,,SquareOnix
30/11/2023,23:59,494977194.0,2126.8344705975787,,,SquareOnix
30/11/2023,23:59,887156614.0,-335.4386210407738,,,SquareOnix
30/11/2023,23:59,462962606.0,-405.76995000000136,,,Mojang Studios
30/11/2023,,786927378.0,-1718.2102796373165,-18.99,,PureGym
30/11/2023,23:59,280200287.0,,-15.99,,Netflix
30/11/2023,23:59,660874296.0,262.5974499608499,,,Blizzard
30/11/2023,23:59,661295096.0,3882.600949818632,,,Disney
30/11/2023,23:59,,-1692.1021048014948,-15.99,,Netflix
30/11/2023,,637433131.0,593.110799999999,-7.99,,Amazon
,23:59,615144184.0,1124.793899125519,-18.99,,PureGym
30/11/2023,,826597014.0,-2612.9669406029275,-100.0,,Grand Union BJJ
01/12/2023,,986267641.0,6014.941430840904,-22.94,,Coop Local
,10:43,812012103.0,-577.6043000000004,-119.98,,Sports Direct
,13:36,890567652.0,-169.7138003203994,-179.5,,Matalan
01/12/2023,,285220959.0,13404.777963808296,-42.96,,Amazon
01/12/2023,20:04,460463595.0,6.012054581421069,,,Tesco
02/12/2023,07:37,587225252.0,7342.350654672866,,,Sainsbury Local
03/12/2023,,165691047.0,793.9470999999987,-67.97,,Matalan
04/12/2023,,287230540.0,997.120997763875,-660.0,447298754.0,
04/12/2023,10:03,,2619.3401036256346,-225.37,,Topshop
04/12/2023,,727417797.0,5970.393626772112,-39.77,,Fat Face
05/12/2023,09:17,117273481.0,,-6.15,,Starbucks
05/12/2023,17:43,497772347.0,47.74174999999781,,,Matalan
,19:52,196289502.0,18280.425041109906,-49.93,,Etsy
06/12/2023,,815385232.0,12245.673604529136,-2.11,,AMAZON
06/12/2023,11:34,,30.958898801779497,-111.36,,Fitted Stitch
